[15:02:12.019 +5.020][AI] decision start current=1 decision=1 difficulty=2 phase=0 rolled=0 discards=0 thiefPlacement=0 thiefVictim=0 delay=0.386
[15:02:16.728 +9.729][AI] setup settlement decision current=1 actor=0 type=setup_settlement tile=4 corner=2 side=0 target=0 resA=0 resB=0 discard=[0,0,0,0,0]
[15:02:16.731 +9.731][AI] setup settlement elapsed=3.194
[15:02:16.732 +9.732][AI] action execute start current=1 actor=0 type=setup_settlement tile=4 corner=2 side=0 target=0 resA=0 resB=0 discard=[0,0,0,0,0]
[15:02:16.735 +9.735][AI] action execute end type=setup_settlement success=1 elapsed=0.003
[15:02:17.459 +10.459][AI] setup road decision current=1 actor=0 type=setup_road tile=8 corner=0 side=0 target=0 resA=0 resB=0 discard=[0,0,0,0,0]
[15:02:17.461 +10.461][AI] setup road elapsed=0.068
[15:02:17.462 +10.463][AI] action execute start current=1 actor=0 type=setup_road tile=8 corner=0 side=0 target=0 resA=0 resB=0 discard=[0,0,0,0,0]
[15:02:17.466 +10.466][AI] action execute end type=setup_road success=1 elapsed=0.004
[15:02:17.473 +10.473][AI] decision start current=2 decision=2 difficulty=2 phase=0 rolled=0 discards=0 thiefPlacement=0 thiefVictim=0 delay=0.386
[15:02:20.786 +13.787][AI] setup settlement decision current=2 actor=0 type=setup_settlement tile=9 corner=1 side=0 target=0 resA=0 resB=0 discard=[0,0,0,0,0]
[15:02:20.790 +13.790][AI] setup settlement elapsed=2.916
[15:02:20.791 +13.792][AI] action execute start current=2 actor=0 type=setup_settlement tile=9 corner=1 side=0 target=0 resA=0 resB=0 discard=[0,0,0,0,0]
[15:02:20.795 +13.795][AI] action execute end type=setup_settlement success=1 elapsed=0.004
[15:02:21.517 +14.518][AI] setup road decision current=2 actor=0 type=setup_road tile=9 corner=0 side=0 target=0 resA=0 resB=0 discard=[0,0,0,0,0]
[15:02:21.522 +14.522][AI] setup road elapsed=0.070
[15:02:21.524 +14.525][AI] action execute start current=2 actor=0 type=setup_road tile=9 corner=0 side=0 target=0 resA=0 resB=0 discard=[0,0,0,0,0]
[15:02:21.527 +14.528][AI] action execute end type=setup_road success=1 elapsed=0.003
[15:02:21.534 +14.535][AI] decision start current=3 decision=3 difficulty=2 phase=0 rolled=0 discards=0 thiefPlacement=0 thiefVictim=0 delay=0.386
[15:02:24.511 +17.512][AI] setup settlement decision current=3 actor=0 type=setup_settlement tile=8 corner=2 side=0 target=0 resA=0 resB=0 discard=[0,0,0,0,0]
[15:02:24.514 +17.514][AI] setup settlement elapsed=2.579
[15:02:24.515 +17.515][AI] action execute start current=3 actor=0 type=setup_settlement tile=8 corner=2 side=0 target=0 resA=0 resB=0 discard=[0,0,0,0,0]
[15:02:24.518 +17.519][AI] action execute end type=setup_settlement success=1 elapsed=0.003
[15:02:25.238 +18.239][AI] setup road decision current=3 actor=0 type=setup_road tile=8 corner=0 side=5 target=0 resA=0 resB=0 discard=[0,0,0,0,0]
[15:02:25.241 +18.242][AI] setup road elapsed=0.068
[15:02:25.242 +18.243][AI] action execute start current=3 actor=0 type=setup_road tile=8 corner=0 side=5 target=0 resA=0 resB=0 discard=[0,0,0,0,0]
[15:02:25.244 +18.245][AI] action execute end type=setup_road success=1 elapsed=0.002
[15:02:30.348 +23.349][AI] setup settlement decision current=3 actor=0 type=setup_settlement tile=14 corner=1 side=0 target=0 resA=0 resB=0 discard=[0,0,0,0,0]
[15:02:30.353 +23.353][AI] setup settlement elapsed=1.730
[15:02:30.356 +23.357][AI] action execute start current=3 actor=0 type=setup_settlement tile=14 corner=1 side=0 target=0 resA=0 resB=0 discard=[0,0,0,0,0]
[15:02:30.362 +23.362][AI] action execute end type=setup_settlement success=1 elapsed=0.005
[15:02:31.079 +24.079][AI] setup road decision current=3 actor=0 type=setup_road tile=14 corner=0 side=0 target=0 resA=0 resB=0 discard=[0,0,0,0,0]
[15:02:31.081 +24.082][AI] setup road elapsed=0.060
[15:02:31.082 +24.082][AI] action execute start current=3 actor=0 type=setup_road tile=14 corner=0 side=0 target=0 resA=0 resB=0 discard=[0,0,0,0,0]
[15:02:31.084 +24.085][AI] action execute end type=setup_road success=1 elapsed=0.002
[15:02:31.090 +24.090][AI] decision start current=2 decision=2 difficulty=2 phase=0 rolled=0 discards=0 thiefPlacement=0 thiefVictim=0 delay=0.386
[15:02:33.976 +25.976][AI] setup settlement decision current=2 actor=0 type=setup_settlement tile=5 corner=1 side=0 target=0 resA=0 resB=0 discard=[0,0,0,0,0]
[15:02:33.980 +25.981][AI] setup settlement elapsed=1.490
[15:02:33.984 +25.984][AI] action execute start current=2 actor=0 type=setup_settlement tile=5 corner=1 side=0 target=0 resA=0 resB=0 discard=[0,0,0,0,0]
[15:02:33.989 +25.990][AI] action execute end type=setup_settlement success=1 elapsed=0.006
[15:02:33.701 +26.702][AI] setup road decision current=2 actor=0 type=setup_road tile=5 corner=0 side=5 target=0 resA=0 resB=0 discard=[0,0,0,0,0]
[15:02:33.705 +26.705][AI] setup road elapsed=0.057
[15:02:33.705 +26.706][AI] action execute start current=2 actor=0 type=setup_road tile=5 corner=0 side=5 target=0 resA=0 resB=0 discard=[0,0,0,0,0]
[15:02:33.709 +26.709][AI] action execute end type=setup_road success=1 elapsed=0.003
[15:02:33.714 +26.715][AI] decision start current=1 decision=1 difficulty=2 phase=0 rolled=0 discards=0 thiefPlacement=0 thiefVictim=0 delay=0.386
[15:02:35.234 +28.234][AI] setup settlement decision current=1 actor=0 type=setup_settlement tile=17 corner=1 side=0 target=0 resA=0 resB=0 discard=[0,0,0,0,0]
[15:02:35.237 +28.237][AI] setup settlement elapsed=1.122
[15:02:35.238 +28.238][AI] action execute start current=1 actor=0 type=setup_settlement tile=17 corner=1 side=0 target=0 resA=0 resB=0 discard=[0,0,0,0,0]
[15:02:35.241 +28.241][AI] action execute end type=setup_settlement success=1 elapsed=0.003
[15:02:36.941 +28.941][AI] setup road decision current=1 actor=0 type=setup_road tile=17 corner=0 side=0 target=0 resA=0 resB=0 discard=[0,0,0,0,0]
[15:02:36.944 +28.944][AI] setup road elapsed=0.045
[15:02:36.945 +28.945][AI] action execute start current=1 actor=0 type=setup_road tile=17 corner=0 side=0 target=0 resA=0 resB=0 discard=[0,0,0,0,0]
[15:02:36.947 +28.948][AI] action execute end type=setup_road success=1 elapsed=0.002
[15:02:36.606 +29.607][AI] roll animation start player=1
[15:02:36.608 +29.608][UI] dice animation start pending=3+3 total=6
[15:02:37.474 +30.474][UI] dice animation resolve total=6
[15:02:37.476 +30.477][GAME] gameRollDice start player=1 total=6
[15:02:37.478 +30.479][GAME] gameRollDice end player=1 total=6 elapsed=0.002 pendingDiscards=0 thiefPlacement=0 thiefVictim=0
[15:02:37.481 +30.481][UI] dice animation resolved total=6 elapsed=0.007 pendingDiscards=0 thiefPlacement=0 thiefVictim=0
[15:02:37.498 +30.498][AI] play phase search action=none score=126.724 elapsed=0.014 budget=4.000 nodes=1 timedOut=0
[15:02:37.501 +30.501][AI] play phase no action elapsed=0.017
[15:02:37.502 +30.502][AI] end turn player=1
[15:02:37.509 +30.509][AI] roll animation start player=2
[15:02:37.510 +30.511][UI] dice animation start pending=2+2 total=4
[15:02:38.375 +31.376][UI] dice animation resolve total=4
[15:02:38.377 +31.377][GAME] gameRollDice start player=2 total=4
[15:02:38.379 +31.379][GAME] gameRollDice end player=2 total=4 elapsed=0.002 pendingDiscards=0 thiefPlacement=0 thiefVictim=0
[15:02:38.382 +31.382][UI] dice animation resolved total=4 elapsed=0.006 pendingDiscards=0 thiefPlacement=0 thiefVictim=0
[15:02:38.400 +31.400][AI] play phase search action=none score=-130.549 elapsed=0.014 budget=4.000 nodes=1 timedOut=0
[15:02:38.403 +31.403][AI] play phase no action elapsed=0.017
[15:02:38.404 +31.405][AI] end turn player=2
[15:02:38.410 +31.411][AI] roll animation start player=3
[15:02:38.412 +31.412][UI] dice animation start pending=3+3 total=6
[15:02:39.264 +32.264][UI] dice animation resolve total=6
[15:02:39.265 +32.265][GAME] gameRollDice start player=3 total=6
[15:02:39.266 +32.267][GAME] gameRollDice end player=3 total=6 elapsed=0.001 pendingDiscards=0 thiefPlacement=0 thiefVictim=0
[15:02:39.269 +32.270][UI] dice animation resolved total=6 elapsed=0.006 pendingDiscards=0 thiefPlacement=0 thiefVictim=0
[15:02:39.286 +32.287][AI] play phase search action=none score=-150.889 elapsed=0.014 budget=4.000 nodes=1 timedOut=0
[15:02:39.289 +32.289][AI] play phase no action elapsed=0.016
[15:02:39.290 +32.290][AI] end turn player=3
[15:02:40.499 +33.499][UI] dice animation start pending=4+5 total=9
[15:02:41.350 +34.350][UI] dice animation resolve total=9
[15:02:41.351 +34.352][GAME] gameRollDice start player=0 total=9
[15:02:41.353 +34.353][GAME] gameRollDice end player=0 total=9 elapsed=0.001 pendingDiscards=0 thiefPlacement=0 thiefVictim=0
[15:02:41.356 +34.356][UI] dice animation resolved total=9 elapsed=0.006 pendingDiscards=0 thiefPlacement=0 thiefVictim=0
[15:02:44.386 +37.386][AI] decision start current=1 decision=1 difficulty=2 phase=1 rolled=0 discards=0 thiefPlacement=0 thiefVictim=0 delay=0.386
[15:02:44.786 +37.787][AI] roll animation start player=1
[15:02:44.788 +37.788][UI] dice animation start pending=4+4 total=8
[15:02:45.639 +38.639][UI] dice animation resolve total=8
[15:02:45.641 +38.641][GAME] gameRollDice start player=1 total=8
[15:02:45.643 +38.643][GAME] gameRollDice end player=1 total=8 elapsed=0.002 pendingDiscards=0 thiefPlacement=0 thiefVictim=0
[15:02:45.645 +38.646][UI] dice animation resolved total=8 elapsed=0.006 pendingDiscards=0 thiefPlacement=0 thiefVictim=0
[15:02:45.661 +38.662][AI] play phase search action=none score=101.863 elapsed=0.014 budget=4.000 nodes=1 timedOut=0
[15:02:45.664 +38.665][AI] play phase no action elapsed=0.016
[15:02:45.665 +38.666][AI] end turn player=1
[15:02:45.672 +38.672][AI] roll animation start player=2
[15:02:45.675 +38.676][UI] dice animation start pending=2+3 total=5
[15:02:46.538 +39.539][UI] dice animation resolve total=5
[15:02:46.539 +39.540][GAME] gameRollDice start player=2 total=5
[15:02:46.541 +39.542][GAME] gameRollDice end player=2 total=5 elapsed=0.002 pendingDiscards=0 thiefPlacement=0 thiefVictim=0
[15:02:46.545 +39.545][UI] dice animation resolved total=5 elapsed=0.006 pendingDiscards=0 thiefPlacement=0 thiefVictim=0
[15:02:46.562 +39.562][AI] play phase search action=none score=-256.755 elapsed=0.014 budget=4.000 nodes=1 timedOut=0
[15:02:46.565 +39.565][AI] play phase no action elapsed=0.016
[15:02:46.566 +39.566][AI] end turn player=2
[15:02:46.572 +39.573][AI] roll animation start player=3
[15:02:46.574 +39.575][UI] dice animation start pending=2+3 total=5
[15:02:47.439 +40.440][UI] dice animation resolve total=5
[15:02:47.440 +40.441][GAME] gameRollDice start player=3 total=5
[15:02:47.442 +40.443][GAME] gameRollDice end player=3 total=5 elapsed=0.002 pendingDiscards=0 thiefPlacement=0 thiefVictim=0
[15:02:47.445 +40.446][UI] dice animation resolved total=5 elapsed=0.006 pendingDiscards=0 thiefPlacement=0 thiefVictim=0
[15:02:47.493 +40.493][AI] play phase search action=build_city score=-171.842 elapsed=0.044 budget=4.000 nodes=3 timedOut=0
[15:02:47.496 +40.497][AI] play phase decision current=3 actor=0 type=build_city tile=8 corner=2 side=0 target=0 resA=0 resB=0 discard=[0,0,0,0,0]
[15:02:47.499 +40.500][AI] action execute start current=3 actor=0 type=build_city tile=8 corner=2 side=0 target=0 resA=0 resB=0 discard=[0,0,0,0,0]
[15:02:47.503 +40.504][AI] action execute end type=build_city success=1 elapsed=0.004
[15:02:47.505 +40.506][AI] play phase elapsed=0.057
[15:02:48.178 +41.179][AI] play phase search action=none score=-171.842 elapsed=0.015 budget=4.000 nodes=1 timedOut=0
[15:02:48.180 +41.181][AI] play phase no action elapsed=0.017
[15:02:48.181 +41.182][AI] end turn player=3
[15:02:54.030 +47.030][UI] dice animation start pending=3+3 total=6
[15:02:55.880 +47.881][UI] dice animation resolve total=6
[15:02:55.881 +47.882][GAME] gameRollDice start player=0 total=6
[15:02:55.883 +47.883][GAME] gameRollDice end player=0 total=6 elapsed=0.001 pendingDiscards=0 thiefPlacement=0 thiefVictim=0
[15:02:55.885 +47.885][UI] dice animation resolved total=6 elapsed=0.005 pendingDiscards=0 thiefPlacement=0 thiefVictim=0
[15:03:09.663 +62.663][AI] decision start current=1 decision=1 difficulty=2 phase=1 rolled=0 discards=0 thiefPlacement=0 thiefVictim=0 delay=0.386
[15:03:10.063 +63.064][AI] roll animation start player=1
[15:03:10.065 +63.065][UI] dice animation start pending=3+3 total=6
[15:03:11.930 +63.931][UI] dice animation resolve total=6
[15:03:11.932 +63.933][GAME] gameRollDice start player=1 total=6
[15:03:11.933 +63.934][GAME] gameRollDice end player=1 total=6 elapsed=0.001 pendingDiscards=0 thiefPlacement=0 thiefVictim=0
[15:03:11.936 +63.936][UI] dice animation resolved total=6 elapsed=0.005 pendingDiscards=0 thiefPlacement=0 thiefVictim=0
[15:03:11.953 +63.954][AI] play phase search action=none score=-59.728 elapsed=0.014 budget=4.000 nodes=1 timedOut=0
[15:03:11.956 +63.956][AI] play phase no action elapsed=0.017
[15:03:11.957 +63.958][AI] end turn player=1
[15:03:11.964 +63.964][AI] roll animation start player=2
[15:03:11.966 +63.966][UI] dice animation start pending=1+2 total=3
[15:03:12.831 +64.832][UI] dice animation resolve total=3
[15:03:12.832 +64.833][GAME] gameRollDice start player=2 total=3
[15:03:12.834 +64.834][GAME] gameRollDice end player=2 total=3 elapsed=0.001 pendingDiscards=0 thiefPlacement=0 thiefVictim=0
[15:03:12.836 +64.837][UI] dice animation resolved total=3 elapsed=0.005 pendingDiscards=0 thiefPlacement=0 thiefVictim=0
[15:03:12.075 +65.076][AI] play phase search action=maritime_trade score=40.314 elapsed=0.236 budget=4.000 nodes=16 timedOut=0
[15:03:12.080 +65.080][AI] play phase decision current=2 actor=0 type=maritime_trade tile=0 corner=0 side=0 target=0 resA=1 resB=2 discard=[0,0,0,0,0]
[15:03:12.088 +65.088][AI] action execute start current=2 actor=0 type=maritime_trade tile=0 corner=0 side=0 target=0 resA=1 resB=2 discard=[0,0,0,0,0]
[15:03:12.092 +65.093][AI] action execute end type=maritime_trade success=1 elapsed=0.004
[15:03:12.096 +65.096][AI] play phase elapsed=0.257
[15:03:13.846 +65.846][AI] play phase search action=build_road score=-37.686 elapsed=0.090 budget=4.000 nodes=6 timedOut=0
[15:03:13.848 +65.848][AI] play phase decision current=2 actor=0 type=build_road tile=9 corner=0 side=5 target=0 resA=0 resB=0 discard=[0,0,0,0,0]
[15:03:13.850 +65.850][AI] action execute start current=2 actor=0 type=build_road tile=9 corner=0 side=5 target=0 resA=0 resB=0 discard=[0,0,0,0,0]
[15:03:13.852 +65.853][AI] action execute end type=build_road success=1 elapsed=0.002
[15:03:13.854 +65.854][AI] play phase elapsed=0.099
[15:03:13.524 +66.525][AI] play phase search action=none score=-37.686 elapsed=0.014 budget=4.000 nodes=1 timedOut=0
[15:03:13.527 +66.527][AI] play phase no action elapsed=0.017
[15:03:13.529 +66.529][AI] end turn player=2
[15:03:13.535 +66.535][AI] roll animation start player=3
[15:03:13.536 +66.537][UI] dice animation start pending=3+3 total=6
[15:03:14.403 +67.404][UI] dice animation resolve total=6
[15:03:14.405 +67.406][GAME] gameRollDice start player=3 total=6
[15:03:14.407 +67.407][GAME] gameRollDice end player=3 total=6 elapsed=0.002 pendingDiscards=0 thiefPlacement=0 thiefVictim=0
[15:03:14.410 +67.410][UI] dice animation resolved total=6 elapsed=0.007 pendingDiscards=0 thiefPlacement=0 thiefVictim=0
[15:03:14.428 +67.428][AI] play phase search action=none score=-191.045 elapsed=0.015 budget=4.000 nodes=1 timedOut=0
[15:03:14.430 +67.431][AI] play phase no action elapsed=0.018
[15:03:14.432 +67.433][AI] end turn player=3
[15:03:15.391 +68.391][UI] dice animation start pending=1+2 total=3
[15:03:16.242 +69.243][UI] dice animation resolve total=3
[15:03:16.244 +69.244][GAME] gameRollDice start player=0 total=3
[15:03:16.245 +69.246][GAME] gameRollDice end player=0 total=3 elapsed=0.001 pendingDiscards=0 thiefPlacement=0 thiefVictim=0
[15:03:16.248 +69.248][UI] dice animation resolved total=3 elapsed=0.005 pendingDiscards=0 thiefPlacement=0 thiefVictim=0
[15:03:20.254 +73.254][AI] decision start current=1 decision=1 difficulty=2 phase=1 rolled=0 discards=0 thiefPlacement=0 thiefVictim=0 delay=0.386
[15:03:20.656 +73.656][AI] roll animation start player=1
[15:03:20.657 +73.657][UI] dice animation start pending=3+4 total=7
[15:03:21.507 +74.508][UI] dice animation resolve total=7
[15:03:21.509 +74.509][GAME] gameRollDice start player=1 total=7
[15:03:21.510 +74.510][GAME] begin discard phase currentPlayer=1
[15:03:21.511 +74.512][GAME] discard requirement player=0 total=4 discard=0
[15:03:21.512 +74.513][GAME] discard requirement player=1 total=3 discard=0
[15:03:21.514 +74.514][GAME] discard requirement player=2 total=6 discard=0
[15:03:21.515 +74.516][GAME] discard requirement player=3 total=7 discard=3
[15:03:21.516 +74.517][GAME] gameRollDice end player=1 total=7 elapsed=0.008 pendingDiscards=1 thiefPlacement=0 thiefVictim=0
[15:03:21.518 +74.519][UI] dice animation resolved total=7 elapsed=0.011 pendingDiscards=1 thiefPlacement=0 thiefVictim=0
[15:03:21.520 +74.520][AI] decision start current=1 decision=3 difficulty=2 phase=1 rolled=1 discards=1 thiefPlacement=0 thiefVictim=0 delay=0.000
[15:03:21.524 +74.524][AI] discard planning start player=3 required=3
[15:03:21.525 +74.526][AI] discard planning end player=3 elapsed=0.001 plan=[2,1,0,0,0]
[15:03:21.527 +74.527][AI] action execute start current=1 actor=3 type=discard tile=0 corner=0 side=0 target=3 resA=0 resB=0 discard=[2,1,0,0,0]
[15:03:21.529 +74.530][GAME] discard submitted player=3 plan=[2,1,0,0,0] thiefPlacement=1
[15:03:21.531 +74.532][AI] action execute end type=discard success=1 elapsed=0.005
[15:03:21.533 +74.533][AI] discard execute player=3 success=1 elapsed=0.006
[15:03:21.540 +74.541][AI] decision start current=1 decision=1 difficulty=2 phase=1 rolled=1 discards=0 thiefPlacement=1 thiefVictim=0 delay=0.000
[15:03:21.558 +74.558][GAME] move thief start player=1 tile=0
[15:03:21.559 +74.560][GAME] move thief end player=1 tile=0 elapsed=0.002 thiefVictim=0
[15:03:21.576 +74.576][GAME] move thief start player=1 tile=1
[15:03:21.577 +74.578][GAME] move thief end player=1 tile=1 elapsed=0.001 thiefVictim=1
[15:03:21.636 +74.637][GAME] move thief start player=1 tile=2
[15:03:21.638 +74.638][GAME] move thief end player=1 tile=2 elapsed=0.001 thiefVictim=1
[15:03:21.697 +74.698][GAME] move thief start player=1 tile=3
[15:03:21.698 +74.699][GAME] move thief end player=1 tile=3 elapsed=0.001 thiefVictim=0
[15:03:21.714 +74.715][GAME] move thief start player=1 tile=4
[15:03:21.716 +74.716][GAME] move thief end player=1 tile=4 elapsed=0.001 thiefVictim=0
[15:03:21.731 +74.732][GAME] move thief start player=1 tile=5
[15:03:21.733 +74.733][GAME] move thief end player=1 tile=5 elapsed=0.001 thiefVictim=1
[15:03:22.835 +74.836][GAME] move thief start player=1 tile=6
[15:03:22.837 +74.837][GAME] move thief end player=1 tile=6 elapsed=0.001 thiefVictim=1
[15:03:22.895 +74.896][GAME] move thief start player=1 tile=7
[15:03:22.897 +74.897][GAME] move thief end player=1 tile=7 elapsed=0.001 thiefVictim=0
[15:03:22.913 +74.913][GAME] move thief start player=1 tile=8
[15:03:22.914 +74.914][GAME] move thief end player=1 tile=8 elapsed=0.001 thiefVictim=1
[15:03:22.959 +74.959][GAME] move thief start player=1 tile=10
[15:03:22.960 +74.961][GAME] move thief end player=1 tile=10 elapsed=0.001 thiefVictim=1
[15:03:22.062 +75.063][GAME] move thief start player=1 tile=11
[15:03:22.064 +75.065][GAME] move thief end player=1 tile=11 elapsed=0.002 thiefVictim=1
[15:03:22.125 +75.126][GAME] move thief start player=1 tile=12
[15:03:22.127 +75.128][GAME] move thief end player=1 tile=12 elapsed=0.002 thiefVictim=1
[15:03:22.174 +75.174][GAME] move thief start player=1 tile=13
[15:03:22.175 +75.175][GAME] move thief end player=1 tile=13 elapsed=0.001 thiefVictim=1
[15:03:22.220 +75.220][GAME] move thief start player=1 tile=14
[15:03:22.221 +75.221][GAME] move thief end player=1 tile=14 elapsed=0.001 thiefVictim=1
[15:03:22.310 +75.310][GAME] move thief start player=1 tile=15
[15:03:22.311 +75.311][GAME] move thief end player=1 tile=15 elapsed=0.001 thiefVictim=1
[15:03:22.398 +75.398][GAME] move thief start player=1 tile=16
[15:03:22.399 +75.400][GAME] move thief end player=1 tile=16 elapsed=0.001 thiefVictim=0
[15:03:22.415 +75.416][GAME] move thief start player=1 tile=17
[15:03:22.417 +75.417][GAME] move thief end player=1 tile=17 elapsed=0.001 thiefVictim=0
[15:03:22.433 +75.433][GAME] move thief start player=1 tile=18
[15:03:22.434 +75.434][GAME] move thief end player=1 tile=18 elapsed=0.001 thiefVictim=1
[15:03:22.479 +75.479][AI] thief move planning end player=1 tile=4 elapsed=0.935
[15:03:22.480 +75.481][AI] action execute start current=1 actor=0 type=move_thief tile=4 corner=0 side=0 target=0 resA=0 resB=0 discard=[0,0,0,0,0]
[15:03:22.484 +75.484][GAME] move thief start player=1 tile=4
[15:03:22.485 +75.486][GAME] move thief end player=1 tile=4 elapsed=0.001 thiefVictim=0
[15:03:22.488 +75.489][AI] action execute end type=move_thief success=1 elapsed=0.008
[15:03:22.490 +75.491][AI] thief move execute player=1 tile=4 success=1 elapsed=0.010
[15:03:23.163 +76.164][AI] play phase search action=none score=7.730 elapsed=0.015 budget=4.000 nodes=1 timedOut=0
[15:03:23.166 +76.166][AI] play phase no action elapsed=0.017
[15:03:23.167 +76.167][AI] end turn player=1
[15:03:23.174 +76.174][AI] roll animation start player=2
[15:03:23.175 +76.175][UI] dice animation start pending=3+3 total=6
[15:03:24.041 +77.041][UI] dice animation resolve total=6
[15:03:24.043 +77.043][GAME] gameRollDice start player=2 total=6
[15:03:24.044 +77.044][GAME] gameRollDice end player=2 total=6 elapsed=0.001 pendingDiscards=0 thiefPlacement=0 thiefVictim=0
[15:03:24.047 +77.047][UI] dice animation resolved total=6 elapsed=0.006 pendingDiscards=0 thiefPlacement=0 thiefVictim=0
[15:03:24.064 +77.065][AI] play phase search action=none score=79.949 elapsed=0.015 budget=4.000 nodes=1 timedOut=0
[15:03:24.068 +77.068][AI] play phase no action elapsed=0.018
[15:03:24.069 +77.070][AI] end turn player=2
[15:03:24.076 +77.077][AI] roll animation start player=3
[15:03:24.078 +77.078][UI] dice animation start pending=4+5 total=9
[15:03:25.929 +77.929][UI] dice animation resolve total=9
[15:03:25.931 +77.931][GAME] gameRollDice start player=3 total=9
[15:03:25.932 +77.933][GAME] gameRollDice end player=3 total=9 elapsed=0.002 pendingDiscards=0 thiefPlacement=0 thiefVictim=0
[15:03:25.935 +77.936][UI] dice animation resolved total=9 elapsed=0.006 pendingDiscards=0 thiefPlacement=0 thiefVictim=0
[15:03:25.114 +78.115][AI] play phase search action=maritime_trade score=167.260 elapsed=0.175 budget=4.000 nodes=12 timedOut=0
[15:03:25.118 +78.119][AI] play phase decision current=3 actor=0 type=maritime_trade tile=0 corner=0 side=0 target=0 resA=1 resB=2 discard=[0,0,0,0,0]
[15:03:25.124 +78.125][AI] action execute start current=3 actor=0 type=maritime_trade tile=0 corner=0 side=0 target=0 resA=1 resB=2 discard=[0,0,0,0,0]
[15:03:25.129 +78.129][AI] action execute end type=maritime_trade success=1 elapsed=0.005
[15:03:25.130 +78.131][AI] play phase elapsed=0.191
[15:03:26.908 +78.908][AI] play phase search action=build_road score=137.260 elapsed=0.119 budget=4.000 nodes=8 timedOut=0
[15:03:26.911 +78.911][AI] play phase decision current=3 actor=0 type=build_road tile=9 corner=0 side=4 target=0 resA=0 resB=0 discard=[0,0,0,0,0]
[15:03:26.913 +78.914][AI] action execute start current=3 actor=0 type=build_road tile=9 corner=0 side=4 target=0 resA=0 resB=0 discard=[0,0,0,0,0]
[15:03:26.916 +78.917][AI] action execute end type=build_road success=1 elapsed=0.003
[15:03:26.918 +78.918][AI] play phase elapsed=0.129
[15:03:26.590 +79.590][AI] play phase search action=none score=137.260 elapsed=0.014 budget=4.000 nodes=1 timedOut=0
[15:03:26.592 +79.593][AI] play phase no action elapsed=0.017
[15:03:26.594 +79.594][AI] end turn player=3
[15:03:27.269 +80.269][UI] dice animation start pending=4+5 total=9
[15:03:28.119 +81.120][UI] dice animation resolve total=9
[15:03:28.121 +81.121][GAME] gameRollDice start player=0 total=9
[15:03:28.122 +81.123][GAME] gameRollDice end player=0 total=9 elapsed=0.001 pendingDiscards=0 thiefPlacement=0 thiefVictim=0
[15:03:28.126 +81.126][UI] dice animation resolved total=9 elapsed=0.006 pendingDiscards=0 thiefPlacement=0 thiefVictim=0
[15:03:45.052 +98.053][AI] decision start current=1 decision=1 difficulty=2 phase=1 rolled=0 discards=0 thiefPlacement=0 thiefVictim=0 delay=0.386
[15:03:45.453 +98.454][AI] roll animation start player=1
[15:03:45.455 +98.455][UI] dice animation start pending=3+4 total=7
[15:03:46.305 +99.305][UI] dice animation resolve total=7
[15:03:46.306 +99.307][GAME] gameRollDice start player=1 total=7
[15:03:46.308 +99.308][GAME] begin discard phase currentPlayer=1
[15:03:46.309 +99.309][GAME] discard requirement player=0 total=1 discard=0
[15:03:46.311 +99.311][GAME] discard requirement player=1 total=5 discard=0
[15:03:46.312 +99.313][GAME] discard requirement player=2 total=7 discard=3
[15:03:46.314 +99.314][GAME] discard requirement player=3 total=3 discard=0
[15:03:46.315 +99.316][GAME] gameRollDice end player=1 total=7 elapsed=0.009 pendingDiscards=1 thiefPlacement=0 thiefVictim=0
[15:03:46.318 +99.319][UI] dice animation resolved total=7 elapsed=0.013 pendingDiscards=1 thiefPlacement=0 thiefVictim=0
[15:03:46.321 +99.322][AI] decision start current=1 decision=2 difficulty=2 phase=1 rolled=1 discards=1 thiefPlacement=0 thiefVictim=0 delay=0.000
[15:03:46.324 +99.325][AI] discard planning start player=2 required=3
[15:03:46.326 +99.327][AI] discard planning end player=2 elapsed=0.002 plan=[2,1,0,0,0]
[15:03:46.328 +99.329][AI] action execute start current=1 actor=2 type=discard tile=0 corner=0 side=0 target=2 resA=0 resB=0 discard=[2,1,0,0,0]
[15:03:46.331 +99.332][GAME] discard submitted player=2 plan=[2,1,0,0,0] thiefPlacement=1
[15:03:46.333 +99.334][AI] action execute end type=discard success=1 elapsed=0.005
[15:03:46.335 +99.335][AI] discard execute player=2 success=1 elapsed=0.007
[15:03:46.342 +99.343][AI] decision start current=1 decision=1 difficulty=2 phase=1 rolled=1 discards=0 thiefPlacement=1 thiefVictim=0 delay=0.000
[15:03:46.361 +99.361][GAME] move thief start player=1 tile=0
[15:03:46.362 +99.363][GAME] move thief end player=1 tile=0 elapsed=0.002 thiefVictim=0
[15:03:46.380 +99.380][GAME] move thief start player=1 tile=1
[15:03:46.381 +99.381][GAME] move thief end player=1 tile=1 elapsed=0.001 thiefVictim=1
[15:03:46.413 +99.414][GAME] move thief start player=1 tile=2
[15:03:46.415 +99.415][GAME] move thief end player=1 tile=2 elapsed=0.001 thiefVictim=1
[15:03:46.447 +99.448][GAME] move thief start player=1 tile=3
[15:03:46.449 +99.449][GAME] move thief end player=1 tile=3 elapsed=0.001 thiefVictim=0
[15:03:46.466 +99.466][GAME] move thief start player=1 tile=5
[15:03:46.467 +99.467][GAME] move thief end player=1 tile=5 elapsed=0.001 thiefVictim=1
[15:03:46.544 +99.545][GAME] move thief start player=1 tile=6
[15:03:46.545 +99.546][GAME] move thief end player=1 tile=6 elapsed=0.001 thiefVictim=1
[15:03:46.607 +99.607][GAME] move thief start player=1 tile=7
[15:03:46.608 +99.609][GAME] move thief end player=1 tile=7 elapsed=0.001 thiefVictim=0
[15:03:46.625 +99.625][GAME] move thief start player=1 tile=8
[15:03:46.626 +99.627][GAME] move thief end player=1 tile=8 elapsed=0.001 thiefVictim=1
[15:03:46.673 +99.673][GAME] move thief start player=1 tile=9
[15:03:46.674 +99.674][GAME] move thief end player=1 tile=9 elapsed=0.001 thiefVictim=1
[15:03:46.735 +99.736][GAME] move thief start player=1 tile=10
[15:03:46.736 +99.737][GAME] move thief end player=1 tile=10 elapsed=0.001 thiefVictim=1
[15:03:46.813 +99.813][GAME] move thief start player=1 tile=11
[15:03:46.814 +99.814][GAME] move thief end player=1 tile=11 elapsed=0.001 thiefVictim=1
[15:03:47.846 +99.846][GAME] move thief start player=1 tile=12
[15:03:47.847 +99.848][GAME] move thief end player=1 tile=12 elapsed=0.002 thiefVictim=1
[15:03:47.894 +99.894][GAME] move thief start player=1 tile=13
[15:03:47.895 +99.896][GAME] move thief end player=1 tile=13 elapsed=0.001 thiefVictim=1
[15:03:47.941 +99.942][GAME] move thief start player=1 tile=14
[15:03:47.943 +99.943][GAME] move thief end player=1 tile=14 elapsed=0.001 thiefVictim=1
[15:03:47.034 +100.034][GAME] move thief start player=1 tile=15
[15:03:47.035 +100.035][GAME] move thief end player=1 tile=15 elapsed=0.001 thiefVictim=1
[15:03:47.096 +100.097][GAME] move thief start player=1 tile=16
[15:03:47.098 +100.098][GAME] move thief end player=1 tile=16 elapsed=0.001 thiefVictim=0
[15:03:47.114 +100.115][GAME] move thief start player=1 tile=17
[15:03:47.116 +100.116][GAME] move thief end player=1 tile=17 elapsed=0.001 thiefVictim=0
[15:03:47.132 +100.133][GAME] move thief start player=1 tile=18
[15:03:47.134 +100.134][GAME] move thief end player=1 tile=18 elapsed=0.001 thiefVictim=1
[15:03:47.181 +100.181][AI] thief move planning end player=1 tile=1 elapsed=0.835
[15:03:47.182 +100.183][AI] action execute start current=1 actor=0 type=move_thief tile=1 corner=0 side=0 target=0 resA=0 resB=0 discard=[0,0,0,0,0]
[15:03:47.184 +100.185][GAME] move thief start player=1 tile=1
[15:03:47.185 +100.186][GAME] move thief end player=1 tile=1 elapsed=0.001 thiefVictim=1
[15:03:47.186 +100.187][AI] action execute end type=move_thief success=1 elapsed=0.004
[15:03:47.188 +100.188][AI] thief move execute player=1 tile=1 success=1 elapsed=0.006
[15:03:47.225 +100.226][AI] thief victim planning end player=1 victim=0 elapsed=0.030
[15:03:47.227 +100.228][AI] action execute start current=1 actor=0 type=choose_thief_victim tile=0 corner=0 side=0 target=0 resA=0 resB=0 discard=[0,0,0,0,0]
[15:03:47.230 +100.231][GAME] steal resource player=1 victim=0 resource=2
[15:03:47.232 +100.233][AI] action execute end type=choose_thief_victim success=1 elapsed=0.005
[15:03:47.234 +100.234][AI] thief victim execute player=1 victim=0 success=1 elapsed=0.007
[15:03:48.124 +101.124][AI] play phase search action=maritime_trade score=210.311 elapsed=0.232 budget=4.000 nodes=15 timedOut=0
[15:03:48.126 +101.126][AI] play phase decision current=1 actor=0 type=maritime_trade tile=0 corner=0 side=0 target=0 resA=1 resB=0 discard=[0,0,0,0,0]
[15:03:48.128 +101.129][AI] action execute start current=1 actor=0 type=maritime_trade tile=0 corner=0 side=0 target=0 resA=1 resB=0 discard=[0,0,0,0,0]
[15:03:48.130 +101.131][AI] action execute end type=maritime_trade success=1 elapsed=0.002
[15:03:48.132 +101.132][AI] play phase elapsed=0.240
[15:03:49.898 +101.899][AI] play phase search action=build_road score=180.311 elapsed=0.110 budget=4.000 nodes=7 timedOut=0
[15:03:49.901 +101.901][AI] play phase decision current=1 actor=0 type=build_road tile=14 corner=0 side=4 target=0 resA=0 resB=0 discard=[0,0,0,0,0]
[15:03:49.903 +101.904][AI] action execute start current=1 actor=0 type=build_road tile=14 corner=0 side=4 target=0 resA=0 resB=0 discard=[0,0,0,0,0]
[15:03:49.906 +101.906][AI] action execute end type=build_road success=1 elapsed=0.003
[15:03:49.908 +101.909][AI] play phase elapsed=0.119
[15:03:49.580 +102.581][AI] play phase search action=none score=180.311 elapsed=0.015 budget=4.000 nodes=1 timedOut=0
[15:03:49.583 +102.583][AI] play phase no action elapsed=0.018
[15:03:49.584 +102.584][AI] end turn player=1
[15:03:49.591 +102.591][AI] roll animation start player=2
[15:03:49.593 +102.593][UI] dice animation start pending=2+3 total=5
[15:03:50.458 +103.458][UI] dice animation resolve total=5
[15:03:50.459 +103.460][GAME] gameRollDice start player=2 total=5
[15:03:50.461 +103.461][GAME] gameRollDice end player=2 total=5 elapsed=0.001 pendingDiscards=0 thiefPlacement=0 thiefVictim=0
[15:03:50.463 +103.464][UI] dice animation resolved total=5 elapsed=0.006 pendingDiscards=0 thiefPlacement=0 thiefVictim=0
[15:03:50.482 +103.482][AI] play phase search action=none score=-164.331 elapsed=0.015 budget=4.000 nodes=1 timedOut=0
[15:03:50.485 +103.485][AI] play phase no action elapsed=0.018
[15:03:50.486 +103.486][AI] end turn player=2
[15:03:50.492 +103.493][AI] roll animation start player=3
[15:03:50.494 +103.494][UI] dice animation start pending=1+2 total=3
[15:03:51.345 +104.345][UI] dice animation resolve total=3
[15:03:51.347 +104.348][GAME] gameRollDice start player=3 total=3
[15:03:51.349 +104.349][GAME] gameRollDice end player=3 total=3 elapsed=0.002 pendingDiscards=0 thiefPlacement=0 thiefVictim=0
[15:03:51.352 +104.352][UI] dice animation resolved total=3 elapsed=0.007 pendingDiscards=0 thiefPlacement=0 thiefVictim=0
[15:03:51.370 +104.370][AI] play phase search action=none score=58.363 elapsed=0.015 budget=4.000 nodes=1 timedOut=0
[15:03:51.372 +104.373][AI] play phase no action elapsed=0.018
[15:03:51.373 +104.374][AI] end turn player=3
[15:03:54.199 +107.199][UI] dice animation start pending=1+1 total=2
[15:03:55.051 +108.051][UI] dice animation resolve total=2
[15:03:55.052 +108.053][GAME] gameRollDice start player=0 total=2
[15:03:55.054 +108.054][GAME] gameRollDice end player=0 total=2 elapsed=0.002 pendingDiscards=0 thiefPlacement=0 thiefVictim=0
[15:03:55.058 +108.059][UI] dice animation resolved total=2 elapsed=0.008 pendingDiscards=0 thiefPlacement=0 thiefVictim=0
[15:03:56.353 +109.353][AI] decision start current=1 decision=1 difficulty=2 phase=1 rolled=0 discards=0 thiefPlacement=0 thiefVictim=0 delay=0.386
[15:03:56.753 +109.754][AI] roll animation start player=1
[15:03:56.755 +109.755][UI] dice animation start pending=3+4 total=7
[15:03:57.607 +110.608][UI] dice animation resolve total=7
[15:03:57.609 +110.609][GAME] gameRollDice start player=1 total=7
[15:03:57.610 +110.611][GAME] begin discard phase currentPlayer=1
[15:03:57.612 +110.612][GAME] discard requirement player=0 total=3 discard=0
[15:03:57.614 +110.615][GAME] discard requirement player=1 total=2 discard=0
[15:03:57.618 +110.619][GAME] discard requirement player=2 total=5 discard=0
[15:03:57.620 +110.620][GAME] discard requirement player=3 total=8 discard=4
[15:03:57.621 +110.622][GAME] gameRollDice end player=1 total=7 elapsed=0.013 pendingDiscards=1 thiefPlacement=0 thiefVictim=0
[15:03:57.624 +110.624][UI] dice animation resolved total=7 elapsed=0.017 pendingDiscards=1 thiefPlacement=0 thiefVictim=0
[15:03:57.627 +110.627][AI] decision start current=1 decision=3 difficulty=2 phase=1 rolled=1 discards=1 thiefPlacement=0 thiefVictim=0 delay=0.000
[15:03:57.630 +110.630][AI] discard planning start player=3 required=4
[15:03:57.632 +110.633][AI] discard planning end player=3 elapsed=0.003 plan=[0,2,1,0,1]
[15:03:57.635 +110.635][AI] action execute start current=1 actor=3 type=discard tile=0 corner=0 side=0 target=3 resA=0 resB=0 discard=[0,2,1,0,1]
[15:03:57.638 +110.638][GAME] discard submitted player=3 plan=[0,2,1,0,1] thiefPlacement=1
[15:03:57.640 +110.640][AI] action execute end type=discard success=1 elapsed=0.005
[15:03:57.642 +110.642][AI] discard execute player=3 success=1 elapsed=0.007
[15:03:57.649 +110.649][AI] decision start current=1 decision=1 difficulty=2 phase=1 rolled=1 discards=0 thiefPlacement=1 thiefVictim=0 delay=0.000
[15:03:57.667 +110.668][GAME] move thief start player=1 tile=0
[15:03:57.669 +110.669][GAME] move thief end player=1 tile=0 elapsed=0.001 thiefVictim=0
[15:03:57.686 +110.687][GAME] move thief start player=1 tile=2
[15:03:57.688 +110.688][GAME] move thief end player=1 tile=2 elapsed=0.001 thiefVictim=1
[15:03:57.736 +110.736][GAME] move thief start player=1 tile=3
[15:03:57.737 +110.737][GAME] move thief end player=1 tile=3 elapsed=0.001 thiefVictim=0
[15:03:57.754 +110.754][GAME] move thief start player=1 tile=4
[15:03:57.755 +110.756][GAME] move thief end player=1 tile=4 elapsed=0.001 thiefVictim=0
[15:03:57.772 +110.773][GAME] move thief start player=1 tile=5
[15:03:57.774 +110.774][GAME] move thief end player=1 tile=5 elapsed=0.001 thiefVictim=1
[15:03:58.867 +110.867][GAME] move thief start player=1 tile=6
[15:03:58.868 +110.868][GAME] move thief end player=1 tile=6 elapsed=0.001 thiefVictim=1
[15:03:58.930 +110.931][GAME] move thief start player=1 tile=7
[15:03:58.931 +110.932][GAME] move thief end player=1 tile=7 elapsed=0.001 thiefVictim=0
[15:03:58.949 +110.949][GAME] move thief start player=1 tile=8
[15:03:58.950 +110.950][GAME] move thief end player=1 tile=8 elapsed=0.001 thiefVictim=1
[15:03:58.028 +111.028][GAME] move thief start player=1 tile=9
[15:03:58.029 +111.029][GAME] move thief end player=1 tile=9 elapsed=0.001 thiefVictim=1
[15:03:58.091 +111.092][GAME] move thief start player=1 tile=10
[15:03:58.093 +111.093][GAME] move thief end player=1 tile=10 elapsed=0.002 thiefVictim=1
[15:03:58.186 +111.187][GAME] move thief start player=1 tile=11
[15:03:58.188 +111.189][GAME] move thief end player=1 tile=11 elapsed=0.002 thiefVictim=1
[15:03:58.238 +111.238][GAME] move thief start player=1 tile=12
[15:03:58.239 +111.240][GAME] move thief end player=1 tile=12 elapsed=0.001 thiefVictim=1
[15:03:58.317 +111.318][GAME] move thief start player=1 tile=13
[15:03:58.319 +111.320][GAME] move thief end player=1 tile=13 elapsed=0.002 thiefVictim=1
[15:03:58.400 +111.401][GAME] move thief start player=1 tile=14
[15:03:58.401 +111.402][GAME] move thief end player=1 tile=14 elapsed=0.001 thiefVictim=1
[15:03:58.525 +111.526][GAME] move thief start player=1 tile=15
[15:03:58.527 +111.528][GAME] move thief end player=1 tile=15 elapsed=0.002 thiefVictim=1
[15:03:58.637 +111.637][GAME] move thief start player=1 tile=16
[15:03:58.638 +111.638][GAME] move thief end player=1 tile=16 elapsed=0.001 thiefVictim=0
[15:03:58.655 +111.655][GAME] move thief start player=1 tile=17
[15:03:58.656 +111.656][GAME] move thief end player=1 tile=17 elapsed=0.001 thiefVictim=0
[15:03:58.673 +111.673][GAME] move thief start player=1 tile=18
[15:03:58.674 +111.674][GAME] move thief end player=1 tile=18 elapsed=0.001 thiefVictim=1
[15:03:58.751 +111.752][AI] thief move planning end player=1 tile=4 elapsed=1.099
[15:03:58.753 +111.753][AI] action execute start current=1 actor=0 type=move_thief tile=4 corner=0 side=0 target=0 resA=0 resB=0 discard=[0,0,0,0,0]
[15:03:58.755 +111.755][GAME] move thief start player=1 tile=4
[15:03:58.756 +111.756][GAME] move thief end player=1 tile=4 elapsed=0.001 thiefVictim=0
[15:03:58.757 +111.758][AI] action execute end type=move_thief success=1 elapsed=0.004
[15:03:58.758 +111.759][AI] thief move execute player=1 tile=4 success=1 elapsed=0.006
[15:03:59.432 +112.432][AI] play phase search action=none score=187.263 elapsed=0.015 budget=4.000 nodes=1 timedOut=0
[15:03:59.434 +112.435][AI] play phase no action elapsed=0.018
[15:03:59.435 +112.436][AI] end turn player=1
[15:03:59.441 +112.442][AI] roll animation start player=2
[15:03:59.443 +112.443][UI] dice animation start pending=3+4 total=7
[15:04:00.295 +113.295][UI] dice animation resolve total=7
[15:04:00.296 +113.296][GAME] gameRollDice start player=2 total=7
[15:04:00.297 +113.298][GAME] begin discard phase currentPlayer=2
[15:04:00.299 +113.299][GAME] discard requirement player=0 total=3 discard=0
[15:04:00.300 +113.301][GAME] discard requirement player=1 total=2 discard=0
[15:04:00.302 +113.302][GAME] discard requirement player=2 total=5 discard=0
[15:04:00.303 +113.304][GAME] discard requirement player=3 total=4 discard=0
[15:04:00.305 +113.305][GAME] no discards needed, thief placement starts immediately
[15:04:00.306 +113.307][GAME] gameRollDice end player=2 total=7 elapsed=0.010 pendingDiscards=0 thiefPlacement=1 thiefVictim=0
[15:04:00.309 +113.309][UI] dice animation resolved total=7 elapsed=0.014 pendingDiscards=0 thiefPlacement=1 thiefVictim=0
[15:04:00.327 +113.327][GAME] move thief start player=2 tile=0
[15:04:00.328 +113.329][GAME] move thief end player=2 tile=0 elapsed=0.001 thiefVictim=0
[15:04:00.345 +113.345][GAME] move thief start player=2 tile=1
[15:04:00.346 +113.347][GAME] move thief end player=2 tile=1 elapsed=0.001 thiefVictim=1
[15:04:00.394 +113.394][GAME] move thief start player=2 tile=2
[15:04:00.395 +113.396][GAME] move thief end player=2 tile=2 elapsed=0.001 thiefVictim=1
[15:04:00.442 +113.442][GAME] move thief start player=2 tile=3
[15:04:00.443 +113.444][GAME] move thief end player=2 tile=3 elapsed=0.001 thiefVictim=0
[15:04:00.460 +113.460][GAME] move thief start player=2 tile=5
[15:04:00.461 +113.461][GAME] move thief end player=2 tile=5 elapsed=0.001 thiefVictim=1
[15:04:00.508 +113.509][GAME] move thief start player=2 tile=6
[15:04:00.509 +113.510][GAME] move thief end player=2 tile=6 elapsed=0.001 thiefVictim=0
[15:04:00.526 +113.527][GAME] move thief start player=2 tile=7
[15:04:00.527 +113.528][GAME] move thief end player=2 tile=7 elapsed=0.001 thiefVictim=0
[15:04:00.544 +113.545][GAME] move thief start player=2 tile=8
[15:04:00.545 +113.546][GAME] move thief end player=2 tile=8 elapsed=0.001 thiefVictim=1
[15:04:00.654 +113.654][GAME] move thief start player=2 tile=9
[15:04:00.655 +113.656][GAME] move thief end player=2 tile=9 elapsed=0.001 thiefVictim=1
[15:04:00.703 +113.704][GAME] move thief start player=2 tile=10
[15:04:00.705 +113.705][GAME] move thief end player=2 tile=10 elapsed=0.002 thiefVictim=1
[15:04:00.752 +113.753][GAME] move thief start player=2 tile=11
[15:04:00.754 +113.754][GAME] move thief end player=2 tile=11 elapsed=0.001 thiefVictim=1
[15:04:00.801 +113.801][GAME] move thief start player=2 tile=12
[15:04:00.802 +113.802][GAME] move thief end player=2 tile=12 elapsed=0.001 thiefVictim=1
[15:04:01.879 +113.880][GAME] move thief start player=2 tile=13
[15:04:01.880 +113.881][GAME] move thief end player=2 tile=13 elapsed=0.001 thiefVictim=1
[15:04:01.958 +113.958][GAME] move thief start player=2 tile=14
[15:04:01.959 +113.959][GAME] move thief end player=2 tile=14 elapsed=0.001 thiefVictim=1
[15:04:01.036 +114.037][GAME] move thief start player=2 tile=15
[15:04:01.037 +114.038][GAME] move thief end player=2 tile=15 elapsed=0.001 thiefVictim=1
[15:04:01.146 +114.146][GAME] move thief start player=2 tile=16
[15:04:01.147 +114.148][GAME] move thief end player=2 tile=16 elapsed=0.001 thiefVictim=0
[15:04:01.163 +114.164][GAME] move thief start player=2 tile=17
[15:04:01.164 +114.165][GAME] move thief end player=2 tile=17 elapsed=0.001 thiefVictim=1
[15:04:01.212 +114.212][GAME] move thief start player=2 tile=18
[15:04:01.213 +114.213][GAME] move thief end player=2 tile=18 elapsed=0.001 thiefVictim=1
[15:04:01.321 +114.322][AI] thief move planning end player=2 tile=1 elapsed=1.010
[15:04:01.322 +114.323][AI] action execute start current=2 actor=0 type=move_thief tile=1 corner=0 side=0 target=0 resA=0 resB=0 discard=[0,0,0,0,0]
[15:04:01.325 +114.325][GAME] move thief start player=2 tile=1
[15:04:01.326 +114.326][GAME] move thief end player=2 tile=1 elapsed=0.001 thiefVictim=1
[15:04:01.327 +114.327][AI] action execute end type=move_thief success=1 elapsed=0.004
[15:04:01.328 +114.329][AI] thief move execute player=2 tile=1 success=1 elapsed=0.006
[15:04:01.380 +114.381][AI] thief victim planning end player=2 victim=0 elapsed=0.045
[15:04:01.382 +114.383][AI] action execute start current=2 actor=0 type=choose_thief_victim tile=0 corner=0 side=0 target=0 resA=0 resB=0 discard=[0,0,0,0,0]
[15:04:01.386 +114.386][GAME] steal resource player=2 victim=0 resource=1
[15:04:01.387 +114.388][AI] action execute end type=choose_thief_victim success=1 elapsed=0.005
[15:04:01.389 +114.389][AI] thief victim execute player=2 victim=0 success=1 elapsed=0.006
[15:04:02.063 +115.063][AI] play phase search action=none score=-147.023 elapsed=0.015 budget=4.000 nodes=1 timedOut=0
[15:04:02.067 +115.067][AI] play phase no action elapsed=0.019
[15:04:02.071 +115.071][AI] end turn player=2
[15:04:02.078 +115.078][AI] roll animation start player=3
[15:04:02.080 +115.081][UI] dice animation start pending=2+2 total=4
[15:04:03.947 +115.947][UI] dice animation resolve total=4
[15:04:03.948 +115.948][GAME] gameRollDice start player=3 total=4
[15:04:03.949 +115.949][GAME] gameRollDice end player=3 total=4 elapsed=0.001 pendingDiscards=0 thiefPlacement=0 thiefVictim=0
[15:04:03.952 +115.952][UI] dice animation resolved total=4 elapsed=0.005 pendingDiscards=0 thiefPlacement=0 thiefVictim=0
[15:04:03.080 +116.081][AI] play phase search action=build_road score=437.352 elapsed=0.124 budget=4.000 nodes=8 timedOut=0
[15:04:03.082 +116.083][AI] play phase decision current=3 actor=0 type=build_road tile=13 corner=0 side=0 target=0 resA=0 resB=0 discard=[0,0,0,0,0]
[15:04:03.091 +116.091][AI] action execute start current=3 actor=0 type=build_road tile=13 corner=0 side=0 target=0 resA=0 resB=0 discard=[0,0,0,0,0]
[15:04:03.095 +116.095][AI] action execute end type=build_road success=1 elapsed=0.004
[15:04:03.096 +116.097][AI] play phase elapsed=0.140
[15:04:03.769 +116.770][AI] play phase search action=none score=437.352 elapsed=0.016 budget=4.000 nodes=1 timedOut=0
[15:04:03.772 +116.773][AI] play phase no action elapsed=0.019
[15:04:03.775 +116.775][AI] end turn player=3
[15:04:04.534 +117.535][UI] dice animation start pending=2+2 total=4
[15:04:05.385 +118.385][UI] dice animation resolve total=4
[15:04:05.386 +118.386][GAME] gameRollDice start player=0 total=4
[15:04:05.387 +118.388][GAME] gameRollDice end player=0 total=4 elapsed=0.001 pendingDiscards=0 thiefPlacement=0 thiefVictim=0
[15:04:05.390 +118.390][UI] dice animation resolved total=4 elapsed=0.005 pendingDiscards=0 thiefPlacement=0 thiefVictim=0
[15:04:07.104 +120.105][AI] decision start current=1 decision=1 difficulty=2 phase=1 rolled=0 discards=0 thiefPlacement=0 thiefVictim=0 delay=0.386
[15:04:07.505 +120.505][AI] roll animation start player=1
[15:04:07.507 +120.507][UI] dice animation start pending=4+4 total=8
[15:04:08.357 +121.357][UI] dice animation resolve total=8
[15:04:08.358 +121.359][GAME] gameRollDice start player=1 total=8
[15:04:08.359 +121.360][GAME] gameRollDice end player=1 total=8 elapsed=0.001 pendingDiscards=0 thiefPlacement=0 thiefVictim=0
[15:04:08.362 +121.362][UI] dice animation resolved total=8 elapsed=0.005 pendingDiscards=0 thiefPlacement=0 thiefVictim=0
[15:04:08.382 +121.382][AI] play phase search action=none score=-74.622 elapsed=0.016 budget=4.000 nodes=1 timedOut=0
[15:04:08.384 +121.385][AI] play phase no action elapsed=0.018
[15:04:08.385 +121.386][AI] end turn player=1
[15:04:08.392 +121.392][AI] roll animation start player=2
[15:04:08.394 +121.394][UI] dice animation start pending=2+3 total=5
[15:04:09.244 +122.245][UI] dice animation resolve total=5
[15:04:09.246 +122.246][GAME] gameRollDice start player=2 total=5
[15:04:09.247 +122.247][GAME] gameRollDice end player=2 total=5 elapsed=0.001 pendingDiscards=0 thiefPlacement=0 thiefVictim=0
[15:04:09.249 +122.250][UI] dice animation resolved total=5 elapsed=0.005 pendingDiscards=0 thiefPlacement=0 thiefVictim=0
[15:04:09.268 +122.269][AI] play phase search action=none score=-680.675 elapsed=0.015 budget=4.000 nodes=1 timedOut=0
[15:04:09.271 +122.272][AI] play phase no action elapsed=0.018
[15:04:09.272 +122.273][AI] end turn player=2
[15:04:09.279 +122.279][AI] roll animation start player=3
[15:04:09.280 +122.281][UI] dice animation start pending=2+3 total=5
[15:04:10.130 +123.131][UI] dice animation resolve total=5
[15:04:10.132 +123.132][GAME] gameRollDice start player=3 total=5
[15:04:10.133 +123.133][GAME] gameRollDice end player=3 total=5 elapsed=0.001 pendingDiscards=0 thiefPlacement=0 thiefVictim=0
[15:04:10.135 +123.136][UI] dice animation resolved total=5 elapsed=0.005 pendingDiscards=0 thiefPlacement=0 thiefVictim=0
[15:04:10.156 +123.156][AI] play phase search action=none score=409.500 elapsed=0.016 budget=4.000 nodes=1 timedOut=0
[15:04:10.159 +123.159][AI] play phase no action elapsed=0.018
[15:04:10.160 +123.161][AI] end turn player=3
[15:04:13.002 +126.003][UI] dice animation start pending=3+3 total=6
[15:04:14.853 +126.853][UI] dice animation resolve total=6
[15:04:14.854 +126.855][GAME] gameRollDice start player=0 total=6
[15:04:14.856 +126.856][GAME] gameRollDice end player=0 total=6 elapsed=0.002 pendingDiscards=0 thiefPlacement=0 thiefVictim=0
[15:04:14.861 +126.861][UI] dice animation resolved total=6 elapsed=0.008 pendingDiscards=0 thiefPlacement=0 thiefVictim=0
[15:04:24.037 +137.038][AI] decision start current=1 decision=1 difficulty=2 phase=1 rolled=0 discards=0 thiefPlacement=0 thiefVictim=0 delay=0.386
[15:04:24.439 +137.439][AI] roll animation start player=1
[15:04:24.440 +137.441][UI] dice animation start pending=2+3 total=5
[15:04:25.290 +138.291][UI] dice animation resolve total=5
[15:04:25.292 +138.293][GAME] gameRollDice start player=1 total=5
[15:04:25.294 +138.295][GAME] gameRollDice end player=1 total=5 elapsed=0.002 pendingDiscards=0 thiefPlacement=0 thiefVictim=0
[15:04:25.297 +138.298][UI] dice animation resolved total=5 elapsed=0.007 pendingDiscards=0 thiefPlacement=0 thiefVictim=0
[15:04:25.316 +138.317][AI] play phase search action=none score=-70.787 elapsed=0.015 budget=4.000 nodes=1 timedOut=0
[15:04:25.319 +138.320][AI] play phase no action elapsed=0.018
[15:04:25.320 +138.321][AI] end turn player=1
[15:04:25.326 +138.327][AI] roll animation start player=2
[15:04:25.328 +138.328][UI] dice animation start pending=3+4 total=7
[15:04:26.181 +139.182][UI] dice animation resolve total=7
[15:04:26.183 +139.184][GAME] gameRollDice start player=2 total=7
[15:04:26.184 +139.185][GAME] begin discard phase currentPlayer=2
[15:04:26.186 +139.186][GAME] discard requirement player=0 total=5 discard=0
[15:04:26.188 +139.189][GAME] discard requirement player=1 total=2 discard=0
[15:04:26.189 +139.190][GAME] discard requirement player=2 total=8 discard=4
[15:04:26.191 +139.191][GAME] discard requirement player=3 total=4 discard=0
[15:04:26.192 +139.192][GAME] gameRollDice end player=2 total=7 elapsed=0.009 pendingDiscards=1 thiefPlacement=0 thiefVictim=0
[15:04:26.194 +139.195][UI] dice animation resolved total=7 elapsed=0.013 pendingDiscards=1 thiefPlacement=0 thiefVictim=0
[15:04:26.196 +139.197][AI] discard planning start player=2 required=4
[15:04:26.198 +139.198][AI] discard planning end player=2 elapsed=0.002 plan=[2,2,0,0,0]
[15:04:26.199 +139.200][AI] action execute start current=2 actor=2 type=discard tile=0 corner=0 side=0 target=2 resA=0 resB=0 discard=[2,2,0,0,0]
[15:04:26.202 +139.202][GAME] discard submitted player=2 plan=[2,2,0,0,0] thiefPlacement=1
[15:04:26.204 +139.204][AI] action execute end type=discard success=1 elapsed=0.005
[15:04:26.205 +139.206][AI] discard execute player=2 success=1 elapsed=0.006
[15:04:26.227 +139.228][GAME] move thief start player=2 tile=0
[15:04:26.229 +139.229][GAME] move thief end player=2 tile=0 elapsed=0.001 thiefVictim=0
[15:04:26.246 +139.247][GAME] move thief start player=2 tile=2
[15:04:26.248 +139.248][GAME] move thief end player=2 tile=2 elapsed=0.001 thiefVictim=1
[15:04:26.296 +139.296][GAME] move thief start player=2 tile=3
[15:04:26.297 +139.298][GAME] move thief end player=2 tile=3 elapsed=0.001 thiefVictim=0
[15:04:26.314 +139.315][GAME] move thief start player=2 tile=4
[15:04:26.315 +139.316][GAME] move thief end player=2 tile=4 elapsed=0.001 thiefVictim=1
[15:04:26.363 +139.363][GAME] move thief start player=2 tile=5
[15:04:26.364 +139.365][GAME] move thief end player=2 tile=5 elapsed=0.001 thiefVictim=1
[15:04:26.412 +139.412][GAME] move thief start player=2 tile=6
[15:04:26.413 +139.413][GAME] move thief end player=2 tile=6 elapsed=0.001 thiefVictim=0
[15:04:26.430 +139.430][GAME] move thief start player=2 tile=7
[15:04:26.431 +139.431][GAME] move thief end player=2 tile=7 elapsed=0.001 thiefVictim=0
[15:04:26.447 +139.448][GAME] move thief start player=2 tile=8
[15:04:26.448 +139.449][GAME] move thief end player=2 tile=8 elapsed=0.001 thiefVictim=1
[15:04:26.527 +139.528][GAME] move thief start player=2 tile=9
[15:04:26.529 +139.529][GAME] move thief end player=2 tile=9 elapsed=0.002 thiefVictim=1
[15:04:26.577 +139.578][GAME] move thief start player=2 tile=10
[15:04:26.578 +139.579][GAME] move thief end player=2 tile=10 elapsed=0.001 thiefVictim=1
[15:04:26.626 +139.626][GAME] move thief start player=2 tile=11
[15:04:26.627 +139.627][GAME] move thief end player=2 tile=11 elapsed=0.001 thiefVictim=1
[15:04:26.675 +139.675][GAME] move thief start player=2 tile=12
[15:04:26.676 +139.676][GAME] move thief end player=2 tile=12 elapsed=0.001 thiefVictim=1
[15:04:26.723 +139.723][GAME] move thief start player=2 tile=13
[15:04:26.724 +139.725][GAME] move thief end player=2 tile=13 elapsed=0.002 thiefVictim=1
[15:04:26.772 +139.773][GAME] move thief start player=2 tile=14
[15:04:26.774 +139.774][GAME] move thief end player=2 tile=14 elapsed=0.001 thiefVictim=1
[15:04:26.821 +139.822][GAME] move thief start player=2 tile=15
[15:04:26.822 +139.823][GAME] move thief end player=2 tile=15 elapsed=0.001 thiefVictim=1
[15:04:27.900 +139.900][GAME] move thief start player=2 tile=16
[15:04:27.901 +139.901][GAME] move thief end player=2 tile=16 elapsed=0.001 thiefVictim=0
[15:04:27.918 +139.919][GAME] move thief start player=2 tile=17
[15:04:27.919 +139.919][GAME] move thief end player=2 tile=17 elapsed=0.001 thiefVictim=1
[15:04:27.967 +139.968][GAME] move thief start player=2 tile=18
[15:04:27.969 +139.969][GAME] move thief end player=2 tile=18 elapsed=0.001 thiefVictim=1
[15:04:27.047 +140.047][AI] thief move planning end player=2 tile=13 elapsed=0.835
[15:04:27.048 +140.049][AI] action execute start current=2 actor=0 type=move_thief tile=13 corner=0 side=0 target=0 resA=0 resB=0 discard=[0,0,0,0,0]
[15:04:27.051 +140.051][GAME] move thief start player=2 tile=13
[15:04:27.052 +140.052][GAME] move thief end player=2 tile=13 elapsed=0.001 thiefVictim=1
[15:04:27.053 +140.053][AI] action execute end type=move_thief success=1 elapsed=0.005
[15:04:27.054 +140.055][AI] thief move execute player=2 tile=13 success=1 elapsed=0.006
[15:04:27.108 +140.108][AI] thief victim planning end player=2 victim=3 elapsed=0.046
[15:04:27.109 +140.110][AI] action execute start current=2 actor=3 type=choose_thief_victim tile=0 corner=0 side=0 target=3 resA=0 resB=0 discard=[0,0,0,0,0]
[15:04:27.113 +140.113][GAME] steal resource player=2 victim=3 resource=1
[15:04:27.114 +140.114][AI] action execute end type=choose_thief_victim success=1 elapsed=0.004
[15:04:27.116 +140.116][AI] thief victim execute player=2 victim=3 success=1 elapsed=0.006
[15:04:27.790 +140.791][AI] play phase search action=none score=-443.861 elapsed=0.015 budget=4.000 nodes=1 timedOut=0
[15:04:27.792 +140.793][AI] play phase no action elapsed=0.017
[15:04:27.793 +140.793][AI] end turn player=2
[15:04:27.799 +140.799][AI] roll animation start player=3
[15:04:27.800 +140.801][UI] dice animation start pending=4+5 total=9
[15:04:28.651 +141.652][UI] dice animation resolve total=9
[15:04:28.653 +141.653][GAME] gameRollDice start player=3 total=9
[15:04:28.654 +141.655][GAME] gameRollDice end player=3 total=9 elapsed=0.002 pendingDiscards=0 thiefPlacement=0 thiefVictim=0
[15:04:28.659 +141.659][UI] dice animation resolved total=9 elapsed=0.008 pendingDiscards=0 thiefPlacement=0 thiefVictim=0
[15:04:28.741 +141.742][AI] play phase search action=none score=215.896 elapsed=0.078 budget=4.000 nodes=5 timedOut=0
[15:04:28.744 +141.745][AI] play phase no action elapsed=0.081
[15:04:28.745 +141.746][AI] end turn player=3
[15:04:29.452 +142.452][UI] dice animation start pending=5+6 total=11
[15:04:30.318 +143.319][UI] dice animation resolve total=11
[15:04:30.320 +143.320][GAME] gameRollDice start player=0 total=11
[15:04:30.321 +143.321][GAME] gameRollDice end player=0 total=11 elapsed=0.001 pendingDiscards=0 thiefPlacement=0 thiefVictim=0
[15:04:30.324 +143.324][UI] dice animation resolved total=11 elapsed=0.005 pendingDiscards=0 thiefPlacement=0 thiefVictim=0
[15:04:35.608 +148.609][AI] decision start current=1 decision=1 difficulty=2 phase=1 rolled=0 discards=0 thiefPlacement=0 thiefVictim=0 delay=0.386
[15:04:36.009 +149.009][AI] roll animation start player=1
[15:04:36.010 +149.010][UI] dice animation start pending=2+3 total=5
[15:04:37.877 +149.877][UI] dice animation resolve total=5
[15:04:37.878 +149.878][GAME] gameRollDice start player=1 total=5
[15:04:37.880 +149.880][GAME] gameRollDice end player=1 total=5 elapsed=0.002 pendingDiscards=0 thiefPlacement=0 thiefVictim=0
[15:04:37.883 +149.884][UI] dice animation resolved total=5 elapsed=0.007 pendingDiscards=0 thiefPlacement=0 thiefVictim=0
[15:04:37.902 +149.903][AI] play phase search action=none score=-394.044 elapsed=0.015 budget=4.000 nodes=1 timedOut=0
[15:04:37.905 +149.905][AI] play phase no action elapsed=0.018
[15:04:37.906 +149.906][AI] end turn player=1
[15:04:37.912 +149.913][AI] roll animation start player=2
[15:04:37.913 +149.914][UI] dice animation start pending=3+4 total=7
[15:04:37.765 +150.766][UI] dice animation resolve total=7
[15:04:37.766 +150.767][GAME] gameRollDice start player=2 total=7
[15:04:37.767 +150.768][GAME] begin discard phase currentPlayer=2
[15:04:37.768 +150.769][GAME] discard requirement player=0 total=9 discard=4
[15:04:37.770 +150.770][GAME] discard requirement player=1 total=3 discard=0
[15:04:37.771 +150.771][GAME] discard requirement player=2 total=5 discard=0
[15:04:37.772 +150.772][GAME] discard requirement player=3 total=5 discard=0
[15:04:37.773 +150.773][GAME] gameRollDice end player=2 total=7 elapsed=0.007 pendingDiscards=1 thiefPlacement=0 thiefVictim=0
[15:04:37.776 +150.776][UI] dice animation resolved total=7 elapsed=0.011 pendingDiscards=1 thiefPlacement=0 thiefVictim=0
[15:04:43.255 +156.256][GAME] discard submitted player=0 plan=[0,3,1,0,0] thiefPlacement=1
[15:04:43.287 +156.288][GAME] move thief start player=2 tile=0
[15:04:43.289 +156.289][GAME] move thief end player=2 tile=0 elapsed=0.001 thiefVictim=0
[15:04:43.306 +156.306][GAME] move thief start player=2 tile=1
[15:04:43.307 +156.308][GAME] move thief end player=2 tile=1 elapsed=0.001 thiefVictim=1
[15:04:43.370 +156.370][GAME] move thief start player=2 tile=2
[15:04:43.371 +156.372][GAME] move thief end player=2 tile=2 elapsed=0.002 thiefVictim=1
[15:04:43.436 +156.436][GAME] move thief start player=2 tile=3
[15:04:43.437 +156.438][GAME] move thief end player=2 tile=3 elapsed=0.002 thiefVictim=0
[15:04:43.454 +156.455][GAME] move thief start player=2 tile=4
[15:04:43.456 +156.456][GAME] move thief end player=2 tile=4 elapsed=0.001 thiefVictim=1
[15:04:43.519 +156.519][GAME] move thief start player=2 tile=5
[15:04:43.521 +156.522][GAME] move thief end player=2 tile=5 elapsed=0.003 thiefVictim=1
[15:04:43.586 +156.587][GAME] move thief start player=2 tile=6
[15:04:43.588 +156.588][GAME] move thief end player=2 tile=6 elapsed=0.002 thiefVictim=0
[15:04:43.605 +156.605][GAME] move thief start player=2 tile=7
[15:04:43.606 +156.606][GAME] move thief end player=2 tile=7 elapsed=0.001 thiefVictim=0
[15:04:43.623 +156.623][GAME] move thief start player=2 tile=8
[15:04:43.624 +156.624][GAME] move thief end player=2 tile=8 elapsed=0.001 thiefVictim=1
[15:04:43.718 +156.718][GAME] move thief start player=2 tile=9
[15:04:43.719 +156.719][GAME] move thief end player=2 tile=9 elapsed=0.001 thiefVictim=1
[15:04:43.783 +156.783][GAME] move thief start player=2 tile=10
[15:04:43.784 +156.785][GAME] move thief end player=2 tile=10 elapsed=0.001 thiefVictim=1
[15:04:44.847 +156.848][GAME] move thief start player=2 tile=11
[15:04:44.849 +156.849][GAME] move thief end player=2 tile=11 elapsed=0.001 thiefVictim=1
[15:04:44.911 +156.912][GAME] move thief start player=2 tile=12
[15:04:44.913 +156.913][GAME] move thief end player=2 tile=12 elapsed=0.001 thiefVictim=1
[15:04:44.960 +156.960][GAME] move thief start player=2 tile=14
[15:04:44.961 +156.962][GAME] move thief end player=2 tile=14 elapsed=0.001 thiefVictim=1
[15:04:44.009 +157.010][GAME] move thief start player=2 tile=15
[15:04:44.010 +157.011][GAME] move thief end player=2 tile=15 elapsed=0.001 thiefVictim=1
[15:04:44.103 +157.104][GAME] move thief start player=2 tile=16
[15:04:44.105 +157.105][GAME] move thief end player=2 tile=16 elapsed=0.001 thiefVictim=0
[15:04:44.121 +157.122][GAME] move thief start player=2 tile=17
[15:04:44.123 +157.123][GAME] move thief end player=2 tile=17 elapsed=0.002 thiefVictim=1
[15:04:44.186 +157.186][GAME] move thief start player=2 tile=18
[15:04:44.187 +157.187][GAME] move thief end player=2 tile=18 elapsed=0.001 thiefVictim=1
[15:04:44.280 +157.280][AI] thief move planning end player=2 tile=7 elapsed=1.008
[15:04:44.281 +157.282][AI] action execute start current=2 actor=0 type=move_thief tile=7 corner=0 side=0 target=0 resA=0 resB=0 discard=[0,0,0,0,0]
[15:04:44.284 +157.284][GAME] move thief start player=2 tile=7
[15:04:44.285 +157.285][GAME] move thief end player=2 tile=7 elapsed=0.001 thiefVictim=0
[15:04:44.286 +157.286][AI] action execute end type=move_thief success=1 elapsed=0.005
[15:04:44.287 +157.287][AI] thief move execute player=2 tile=7 success=1 elapsed=0.006
[15:04:45.960 +157.961][AI] play phase search action=none score=-705.270 elapsed=0.016 budget=4.000 nodes=1 timedOut=0
[15:04:45.964 +157.964][AI] play phase no action elapsed=0.019
[15:04:45.965 +157.966][AI] end turn player=2
[15:04:45.975 +157.976][AI] roll animation start player=3
[15:04:45.977 +157.977][UI] dice animation start pending=4+4 total=8
[15:04:45.827 +158.827][UI] dice animation resolve total=8
[15:04:45.828 +158.828][GAME] gameRollDice start player=3 total=8
[15:04:45.829 +158.830][GAME] gameRollDice end player=3 total=8 elapsed=0.001 pendingDiscards=0 thiefPlacement=0 thiefVictim=0
[15:04:46.832 +158.832][UI] dice animation resolved total=8 elapsed=0.005 pendingDiscards=0 thiefPlacement=0 thiefVictim=0
[15:04:46.929 +158.929][AI] play phase search action=maritime_trade score=239.229 elapsed=0.092 budget=4.000 nodes=6 timedOut=0
[15:04:46.930 +158.931][AI] play phase decision current=3 actor=0 type=maritime_trade tile=0 corner=0 side=0 target=0 resA=4 resB=3 discard=[0,0,0,0,0]
[15:04:46.933 +158.933][AI] action execute start current=3 actor=0 type=maritime_trade tile=0 corner=0 side=0 target=0 resA=4 resB=3 discard=[0,0,0,0,0]
[15:04:46.935 +158.936][AI] action execute end type=maritime_trade success=1 elapsed=0.002
[15:04:46.936 +158.937][AI] play phase elapsed=0.100
[15:04:46.624 +159.625][AI] play phase search action=none score=239.229 elapsed=0.031 budget=4.000 nodes=2 timedOut=0
[15:04:46.626 +159.627][AI] play phase no action elapsed=0.033
[15:04:46.627 +159.628][AI] end turn player=3
[15:04:47.435 +160.435][UI] dice animation start pending=5+6 total=11
[15:04:48.285 +161.286][UI] dice animation resolve total=11
[15:04:48.287 +161.287][GAME] gameRollDice start player=0 total=11
[15:04:48.288 +161.288][GAME] gameRollDice end player=0 total=11 elapsed=0.001 pendingDiscards=0 thiefPlacement=0 thiefVictim=0
[15:04:48.290 +161.291][UI] dice animation resolved total=11 elapsed=0.005 pendingDiscards=0 thiefPlacement=0 thiefVictim=0
[15:04:52.407 +165.408][AI] decision start current=1 decision=1 difficulty=2 phase=1 rolled=0 discards=0 thiefPlacement=0 thiefVictim=0 delay=0.386
[15:04:52.808 +165.809][AI] roll animation start player=1
[15:04:52.812 +165.812][UI] dice animation start pending=4+5 total=9
[15:04:53.676 +166.676][UI] dice animation resolve total=9
[15:04:53.677 +166.677][GAME] gameRollDice start player=1 total=9
[15:04:53.678 +166.679][GAME] gameRollDice end player=1 total=9 elapsed=0.001 pendingDiscards=0 thiefPlacement=0 thiefVictim=0
[15:04:53.682 +166.683][UI] dice animation resolved total=9 elapsed=0.007 pendingDiscards=0 thiefPlacement=0 thiefVictim=0
[15:04:53.702 +166.702][AI] play phase search action=none score=-112.013 elapsed=0.016 budget=4.000 nodes=1 timedOut=0
[15:04:53.705 +166.705][AI] play phase no action elapsed=0.019
[15:04:53.706 +166.706][AI] end turn player=1
[15:04:53.713 +166.713][AI] roll animation start player=2
[15:04:53.714 +166.715][UI] dice animation start pending=5+5 total=10
[15:04:54.579 +167.579][UI] dice animation resolve total=10
[15:04:54.581 +167.582][GAME] gameRollDice start player=2 total=10
[15:04:54.583 +167.584][GAME] gameRollDice end player=2 total=10 elapsed=0.002 pendingDiscards=0 thiefPlacement=0 thiefVictim=0
[15:04:54.588 +167.588][UI] dice animation resolved total=10 elapsed=0.009 pendingDiscards=0 thiefPlacement=0 thiefVictim=0
[15:04:54.606 +167.607][AI] play phase search action=none score=-795.799 elapsed=0.015 budget=4.000 nodes=1 timedOut=0
[15:04:54.609 +167.609][AI] play phase no action elapsed=0.018
[15:04:54.610 +167.611][AI] end turn player=2
[15:04:54.618 +167.618][AI] roll animation start player=3
[15:04:54.619 +167.620][UI] dice animation start pending=3+4 total=7
[15:04:55.485 +168.486][UI] dice animation resolve total=7
[15:04:55.486 +168.487][GAME] gameRollDice start player=3 total=7
[15:04:55.488 +168.488][GAME] begin discard phase currentPlayer=3
[15:04:55.490 +168.490][GAME] discard requirement player=0 total=9 discard=4
[15:04:55.493 +168.493][GAME] discard requirement player=1 total=6 discard=0
[15:04:55.495 +168.495][GAME] discard requirement player=2 total=6 discard=0
[15:04:55.497 +168.497][GAME] discard requirement player=3 total=6 discard=0
[15:04:55.498 +168.499][GAME] gameRollDice end player=3 total=7 elapsed=0.012 pendingDiscards=1 thiefPlacement=0 thiefVictim=0
[15:04:55.501 +168.502][UI] dice animation resolved total=7 elapsed=0.016 pendingDiscards=1 thiefPlacement=0 thiefVictim=0
[15:05:01.664 +174.665][GAME] discard submitted player=0 plan=[2,0,1,0,1] thiefPlacement=1
[15:05:01.697 +174.697][GAME] move thief start player=3 tile=0
[15:05:01.698 +174.699][GAME] move thief end player=3 tile=0 elapsed=0.002 thiefVictim=0
[15:05:01.715 +174.716][GAME] move thief start player=3 tile=1
[15:05:01.717 +174.717][GAME] move thief end player=3 tile=1 elapsed=0.002 thiefVictim=1
[15:05:01.768 +174.768][GAME] move thief start player=3 tile=2
[15:05:01.769 +174.770][GAME] move thief end player=3 tile=2 elapsed=0.002 thiefVictim=1
[15:05:01.819 +174.820][GAME] move thief start player=3 tile=3
[15:05:01.821 +174.821][GAME] move thief end player=3 tile=3 elapsed=0.001 thiefVictim=0
[15:05:02.838 +174.839][GAME] move thief start player=3 tile=4
[15:05:02.840 +174.840][GAME] move thief end player=3 tile=4 elapsed=0.001 thiefVictim=1
[15:05:02.919 +174.920][GAME] move thief start player=3 tile=5
[15:05:02.921 +174.921][GAME] move thief end player=3 tile=5 elapsed=0.001 thiefVictim=1
[15:05:02.016 +175.017][GAME] move thief start player=3 tile=6
[15:05:02.017 +175.018][GAME] move thief end player=3 tile=6 elapsed=0.001 thiefVictim=1
[15:05:02.082 +175.083][GAME] move thief start player=3 tile=8
[15:05:02.083 +175.084][GAME] move thief end player=3 tile=8 elapsed=0.001 thiefVictim=1
[15:05:02.162 +175.163][GAME] move thief start player=3 tile=9
[15:05:02.164 +175.164][GAME] move thief end player=3 tile=9 elapsed=0.001 thiefVictim=1
[15:05:02.290 +175.291][GAME] move thief start player=3 tile=10
[15:05:02.292 +175.292][GAME] move thief end player=3 tile=10 elapsed=0.001 thiefVictim=1
[15:05:02.387 +175.387][GAME] move thief start player=3 tile=11
[15:05:02.388 +175.389][GAME] move thief end player=3 tile=11 elapsed=0.001 thiefVictim=1
[15:05:02.437 +175.438][GAME] move thief start player=3 tile=12
[15:05:02.438 +175.439][GAME] move thief end player=3 tile=12 elapsed=0.001 thiefVictim=0
[15:05:02.457 +175.457][GAME] move thief start player=3 tile=13
[15:05:02.458 +175.459][GAME] move thief end player=3 tile=13 elapsed=0.001 thiefVictim=0
[15:05:02.475 +175.476][GAME] move thief start player=3 tile=14
[15:05:02.476 +175.477][GAME] move thief end player=3 tile=14 elapsed=0.001 thiefVictim=1
[15:05:02.541 +175.542][GAME] move thief start player=3 tile=15
[15:05:02.544 +175.544][GAME] move thief end player=3 tile=15 elapsed=0.003 thiefVictim=1
[15:05:02.595 +175.595][GAME] move thief start player=3 tile=16
[15:05:02.596 +175.596][GAME] move thief end player=3 tile=16 elapsed=0.001 thiefVictim=0
[15:05:02.613 +175.614][GAME] move thief start player=3 tile=17
[15:05:02.614 +175.615][GAME] move thief end player=3 tile=17 elapsed=0.001 thiefVictim=1
[15:05:02.695 +175.696][GAME] move thief start player=3 tile=18
[15:05:02.697 +175.697][GAME] move thief end player=3 tile=18 elapsed=0.001 thiefVictim=1
[15:05:02.777 +175.777][AI] thief move planning end player=3 tile=3 elapsed=1.096
[15:05:02.778 +175.779][AI] action execute start current=3 actor=0 type=move_thief tile=3 corner=0 side=0 target=0 resA=0 resB=0 discard=[0,0,0,0,0]
[15:05:02.781 +175.782][GAME] move thief start player=3 tile=3
[15:05:02.783 +175.784][GAME] move thief end player=3 tile=3 elapsed=0.002 thiefVictim=0
[15:05:02.785 +175.785][AI] action execute end type=move_thief success=1 elapsed=0.006
[15:05:02.787 +175.788][AI] thief move execute player=3 tile=3 success=1 elapsed=0.009
[15:05:03.494 +176.495][AI] play phase search action=none score=281.353 elapsed=0.049 budget=4.000 nodes=3 timedOut=0
[15:05:03.497 +176.498][AI] play phase no action elapsed=0.052
[15:05:03.501 +176.501][AI] end turn player=3
[15:05:04.195 +177.195][UI] dice animation start pending=3+4 total=7
[15:05:05.046 +178.046][UI] dice animation resolve total=7
[15:05:05.047 +178.048][GAME] gameRollDice start player=0 total=7
[15:05:05.049 +178.049][GAME] begin discard phase currentPlayer=0
[15:05:05.050 +178.050][GAME] discard requirement player=0 total=5 discard=0
[15:05:05.052 +178.052][GAME] discard requirement player=1 total=6 discard=0
[15:05:05.054 +178.054][GAME] discard requirement player=2 total=6 discard=0
[15:05:05.055 +178.056][GAME] discard requirement player=3 total=6 discard=0
[15:05:05.057 +178.058][GAME] no discards needed, thief placement starts immediately
[15:05:05.059 +178.059][GAME] gameRollDice end player=0 total=7 elapsed=0.012 pendingDiscards=0 thiefPlacement=1 thiefVictim=0
[15:05:05.062 +178.062][UI] dice animation resolved total=7 elapsed=0.016 pendingDiscards=0 thiefPlacement=1 thiefVictim=0
[15:05:07.140 +180.141][GAME] move thief start player=0 tile=13
[15:05:07.143 +180.143][GAME] move thief end player=0 tile=13 elapsed=0.002 thiefVictim=1
[15:05:07.507 +180.508][GAME] steal resource player=0 victim=3 resource=3
[15:05:11.396 +184.396][AI] decision start current=1 decision=1 difficulty=2 phase=1 rolled=0 discards=0 thiefPlacement=0 thiefVictim=0 delay=0.386
[15:05:11.796 +184.796][AI] roll animation start player=1
[15:05:11.798 +184.798][UI] dice animation start pending=4+4 total=8
[15:05:12.662 +185.663][UI] dice animation resolve total=8
[15:05:12.664 +185.664][GAME] gameRollDice start player=1 total=8
[15:05:12.665 +185.666][GAME] gameRollDice end player=1 total=8 elapsed=0.001 pendingDiscards=0 thiefPlacement=0 thiefVictim=0
[15:05:12.669 +185.669][UI] dice animation resolved total=8 elapsed=0.006 pendingDiscards=0 thiefPlacement=0 thiefVictim=0
[15:05:12.784 +185.784][AI] play phase search action=none score=-291.627 elapsed=0.111 budget=4.000 nodes=7 timedOut=0
[15:05:12.786 +185.787][AI] play phase no action elapsed=0.113
[15:05:12.787 +185.788][AI] end turn player=1
[15:05:12.794 +185.794][AI] roll animation start player=2
[15:05:12.795 +185.795][UI] dice animation start pending=3+4 total=7
[15:05:13.661 +186.662][UI] dice animation resolve total=7
[15:05:13.663 +186.663][GAME] gameRollDice start player=2 total=7
[15:05:13.664 +186.665][GAME] begin discard phase currentPlayer=2
[15:05:13.666 +186.667][GAME] discard requirement player=0 total=3 discard=0
[15:05:13.669 +186.670][GAME] discard requirement player=1 total=6 discard=0
[15:05:13.672 +186.672][GAME] discard requirement player=2 total=7 discard=3
[15:05:13.673 +186.674][GAME] discard requirement player=3 total=5 discard=0
[15:05:13.675 +186.676][GAME] gameRollDice end player=2 total=7 elapsed=0.012 pendingDiscards=1 thiefPlacement=0 thiefVictim=0
[15:05:13.679 +186.680][UI] dice animation resolved total=7 elapsed=0.018 pendingDiscards=1 thiefPlacement=0 thiefVictim=0
[15:05:13.682 +186.682][AI] discard planning start player=2 required=3
[15:05:13.684 +186.684][AI] discard planning end player=2 elapsed=0.002 plan=[2,1,0,0,0]
[15:05:13.686 +186.686][AI] action execute start current=2 actor=2 type=discard tile=0 corner=0 side=0 target=2 resA=0 resB=0 discard=[2,1,0,0,0]
[15:05:13.689 +186.689][GAME] discard submitted player=2 plan=[2,1,0,0,0] thiefPlacement=1
[15:05:13.691 +186.692][AI] action execute end type=discard success=1 elapsed=0.005
[15:05:13.693 +186.693][AI] discard execute player=2 success=1 elapsed=0.007
[15:05:13.716 +186.717][GAME] move thief start player=2 tile=0
[15:05:13.718 +186.718][GAME] move thief end player=2 tile=0 elapsed=0.002 thiefVictim=0
[15:05:13.736 +186.736][GAME] move thief start player=2 tile=1
[15:05:13.737 +186.738][GAME] move thief end player=2 tile=1 elapsed=0.002 thiefVictim=1
[15:05:13.785 +186.786][GAME] move thief start player=2 tile=2
[15:05:13.787 +186.787][GAME] move thief end player=2 tile=2 elapsed=0.001 thiefVictim=1
[15:05:14.836 +186.837][GAME] move thief start player=2 tile=3
[15:05:14.837 +186.838][GAME] move thief end player=2 tile=3 elapsed=0.001 thiefVictim=0
[15:05:14.855 +186.855][GAME] move thief start player=2 tile=4
[15:05:14.856 +186.856][GAME] move thief end player=2 tile=4 elapsed=0.001 thiefVictim=1
[15:05:14.940 +186.940][GAME] move thief start player=2 tile=5
[15:05:14.941 +186.942][GAME] move thief end player=2 tile=5 elapsed=0.002 thiefVictim=1
[15:05:14.990 +186.991][GAME] move thief start player=2 tile=6
[15:05:14.992 +186.992][GAME] move thief end player=2 tile=6 elapsed=0.001 thiefVictim=0
[15:05:14.009 +187.010][GAME] move thief start player=2 tile=7
[15:05:14.010 +187.011][GAME] move thief end player=2 tile=7 elapsed=0.001 thiefVictim=0
[15:05:14.028 +187.029][GAME] move thief start player=2 tile=8
[15:05:14.030 +187.030][GAME] move thief end player=2 tile=8 elapsed=0.001 thiefVictim=1
[15:05:14.141 +187.142][GAME] move thief start player=2 tile=9
[15:05:14.143 +187.144][GAME] move thief end player=2 tile=9 elapsed=0.002 thiefVictim=1
[15:05:14.225 +187.225][GAME] move thief start player=2 tile=10
[15:05:14.226 +187.227][GAME] move thief end player=2 tile=10 elapsed=0.001 thiefVictim=1
[15:05:14.275 +187.275][GAME] move thief start player=2 tile=11
[15:05:14.276 +187.277][GAME] move thief end player=2 tile=11 elapsed=0.001 thiefVictim=1
[15:05:14.325 +187.325][GAME] move thief start player=2 tile=12
[15:05:14.326 +187.327][GAME] move thief end player=2 tile=12 elapsed=0.001 thiefVictim=1
[15:05:14.374 +187.375][GAME] move thief start player=2 tile=14
[15:05:14.376 +187.376][GAME] move thief end player=2 tile=14 elapsed=0.002 thiefVictim=1
[15:05:14.424 +187.425][GAME] move thief start player=2 tile=15
[15:05:14.426 +187.426][GAME] move thief end player=2 tile=15 elapsed=0.001 thiefVictim=1
[15:05:14.506 +187.507][GAME] move thief start player=2 tile=16
[15:05:14.508 +187.509][GAME] move thief end player=2 tile=16 elapsed=0.002 thiefVictim=0
[15:05:14.528 +187.528][GAME] move thief start player=2 tile=17
[15:05:14.529 +187.529][GAME] move thief end player=2 tile=17 elapsed=0.001 thiefVictim=1
[15:05:14.609 +187.609][GAME] move thief start player=2 tile=18
[15:05:14.611 +187.611][GAME] move thief end player=2 tile=18 elapsed=0.002 thiefVictim=1
[15:05:14.722 +187.723][AI] thief move planning end player=2 tile=7 elapsed=1.022
[15:05:14.724 +187.725][AI] action execute start current=2 actor=0 type=move_thief tile=7 corner=0 side=0 target=0 resA=0 resB=0 discard=[0,0,0,0,0]
[15:05:14.727 +187.727][GAME] move thief start player=2 tile=7
[15:05:14.729 +187.729][GAME] move thief end player=2 tile=7 elapsed=0.002 thiefVictim=0
[15:05:14.731 +187.731][AI] action execute end type=move_thief success=1 elapsed=0.007
[15:05:14.733 +187.734][AI] thief move execute player=2 tile=7 success=1 elapsed=0.009
[15:05:15.406 +188.406][AI] play phase search action=none score=-761.270 elapsed=0.016 budget=4.000 nodes=1 timedOut=0
[15:05:15.408 +188.408][AI] play phase no action elapsed=0.018
[15:05:15.409 +188.409][AI] end turn player=2
[15:05:15.415 +188.416][AI] roll animation start player=3
[15:05:15.416 +188.417][UI] dice animation start pending=5+5 total=10
[15:05:16.281 +189.282][UI] dice animation resolve total=10
[15:05:16.285 +189.285][GAME] gameRollDice start player=3 total=10
[15:05:16.289 +189.289][GAME] gameRollDice end player=3 total=10 elapsed=0.004 pendingDiscards=0 thiefPlacement=0 thiefVictim=0
[15:05:16.295 +189.295][UI] dice animation resolved total=10 elapsed=0.013 pendingDiscards=0 thiefPlacement=0 thiefVictim=0
[15:05:16.330 +189.331][AI] play phase search action=none score=283.561 elapsed=0.032 budget=4.000 nodes=2 timedOut=0
[15:05:16.333 +189.333][AI] play phase no action elapsed=0.035
[15:05:16.334 +189.334][AI] end turn player=3
[15:05:17.991 +189.992][UI] dice animation start pending=3+3 total=6
[15:05:18.842 +190.842][UI] dice animation resolve total=6
[15:05:18.843 +190.844][GAME] gameRollDice start player=0 total=6
[15:05:18.845 +190.846][GAME] gameRollDice end player=0 total=6 elapsed=0.002 pendingDiscards=0 thiefPlacement=0 thiefVictim=0
[15:05:18.849 +190.849][UI] dice animation resolved total=6 elapsed=0.007 pendingDiscards=0 thiefPlacement=0 thiefVictim=0
[15:05:18.592 +191.593][AI] decision start current=1 decision=1 difficulty=2 phase=1 rolled=0 discards=0 thiefPlacement=0 thiefVictim=0 delay=0.386
[15:05:19.994 +191.994][AI] roll animation start player=1
[15:05:19.995 +191.996][UI] dice animation start pending=5+5 total=10
[15:05:20.861 +192.862][UI] dice animation resolve total=10
[15:05:20.864 +192.865][GAME] gameRollDice start player=1 total=10
[15:05:20.866 +192.866][GAME] gameRollDice end player=1 total=10 elapsed=0.001 pendingDiscards=0 thiefPlacement=0 thiefVictim=0
[15:05:20.870 +192.870][UI] dice animation resolved total=10 elapsed=0.008 pendingDiscards=0 thiefPlacement=0 thiefVictim=0
[15:05:22.181 +195.182][AI] play phase search action=none score=38.796 elapsed=2.307 budget=4.000 nodes=147 timedOut=0
[15:05:22.184 +195.185][AI] play phase no action elapsed=2.310
[15:05:22.185 +195.186][AI] end turn player=1
[15:05:22.192 +195.192][AI] roll animation start player=2
[15:05:22.193 +195.194][UI] dice animation start pending=3+3 total=6
[15:05:23.060 +196.060][UI] dice animation resolve total=6
[15:05:23.061 +196.062][GAME] gameRollDice start player=2 total=6
[15:05:23.063 +196.063][GAME] gameRollDice end player=2 total=6 elapsed=0.001 pendingDiscards=0 thiefPlacement=0 thiefVictim=0
[15:05:23.067 +196.067][UI] dice animation resolved total=6 elapsed=0.007 pendingDiscards=0 thiefPlacement=0 thiefVictim=0
[15:05:23.212 +196.212][AI] play phase search action=maritime_trade score=-585.083 elapsed=0.141 budget=4.000 nodes=9 timedOut=0
[15:05:23.215 +196.215][AI] play phase decision current=2 actor=0 type=maritime_trade tile=0 corner=0 side=0 target=0 resA=1 resB=2 discard=[0,0,0,0,0]
[15:05:23.218 +196.219][AI] action execute start current=2 actor=0 type=maritime_trade tile=0 corner=0 side=0 target=0 resA=1 resB=2 discard=[0,0,0,0,0]
[15:05:23.222 +196.223][AI] action execute end type=maritime_trade success=1 elapsed=0.004
[15:05:23.225 +196.225][AI] play phase elapsed=0.154
[15:05:24.962 +196.963][AI] play phase search action=build_road score=-615.083 elapsed=0.080 budget=4.000 nodes=5 timedOut=0
[15:05:24.965 +196.965][AI] play phase decision current=2 actor=0 type=build_road tile=5 corner=0 side=0 target=0 resA=0 resB=0 discard=[0,0,0,0,0]
[15:05:24.968 +196.969][AI] action execute start current=2 actor=0 type=build_road tile=5 corner=0 side=0 target=0 resA=0 resB=0 discard=[0,0,0,0,0]
[15:05:24.973 +196.974][AI] action execute end type=build_road success=1 elapsed=0.005
[15:05:24.975 +196.976][AI] play phase elapsed=0.093
[15:05:24.647 +197.648][AI] play phase search action=none score=-615.083 elapsed=0.015 budget=4.000 nodes=1 timedOut=0
[15:05:24.650 +197.650][AI] play phase no action elapsed=0.018
[15:05:24.651 +197.651][AI] end turn player=2
[15:05:24.657 +197.658][AI] roll animation start player=3
[15:05:24.660 +197.660][UI] dice animation start pending=2+2 total=4
[15:05:25.525 +198.526][UI] dice animation resolve total=4
[15:05:25.526 +198.527][GAME] gameRollDice start player=3 total=4
[15:05:25.528 +198.528][GAME] gameRollDice end player=3 total=4 elapsed=0.001 pendingDiscards=0 thiefPlacement=0 thiefVictim=0
[15:05:25.531 +198.531][UI] dice animation resolved total=4 elapsed=0.006 pendingDiscards=0 thiefPlacement=0 thiefVictim=0
[15:05:25.569 +198.570][AI] play phase search action=none score=274.511 elapsed=0.032 budget=4.000 nodes=2 timedOut=0
[15:05:25.572 +198.573][AI] play phase no action elapsed=0.035
[15:05:25.573 +198.574][AI] end turn player=3
[15:05:26.332 +199.332][UI] dice animation start pending=3+4 total=7
[15:05:27.182 +200.183][UI] dice animation resolve total=7
[15:05:27.184 +200.184][GAME] gameRollDice start player=0 total=7
[15:05:27.185 +200.186][GAME] begin discard phase currentPlayer=0
[15:05:27.187 +200.187][GAME] discard requirement player=0 total=3 discard=0
[15:05:27.189 +200.190][GAME] discard requirement player=1 total=10 discard=5
[15:05:27.193 +200.193][GAME] discard requirement player=2 total=1 discard=0
[15:05:27.195 +200.195][GAME] discard requirement player=3 total=5 discard=0
[15:05:27.196 +200.197][GAME] gameRollDice end player=0 total=7 elapsed=0.012 pendingDiscards=1 thiefPlacement=0 thiefVictim=0
[15:05:27.200 +200.200][UI] dice animation resolved total=7 elapsed=0.017 pendingDiscards=1 thiefPlacement=0 thiefVictim=0
[15:05:27.203 +200.203][AI] decision start current=0 decision=1 difficulty=2 phase=1 rolled=1 discards=1 thiefPlacement=0 thiefVictim=0 delay=0.000
[15:05:27.207 +200.207][AI] discard planning start player=1 required=5
[15:05:27.209 +200.209][AI] discard planning end player=1 elapsed=0.002 plan=[2,0,0,3,0]
[15:05:27.211 +200.212][AI] action execute start current=0 actor=1 type=discard tile=0 corner=0 side=0 target=1 resA=0 resB=0 discard=[2,0,0,3,0]
[15:05:27.214 +200.215][GAME] discard submitted player=1 plan=[2,0,0,3,0] thiefPlacement=1
[15:05:27.216 +200.217][AI] action execute end type=discard success=1 elapsed=0.005
[15:05:27.219 +200.219][AI] discard execute player=1 success=1 elapsed=0.008
[15:05:32.895 +204.896][GAME] move thief start player=0 tile=10
[15:05:32.897 +204.898][GAME] move thief end player=0 tile=10 elapsed=0.002 thiefVictim=1
[15:05:32.396 +205.396][GAME] steal resource player=0 victim=2 resource=3
[15:05:33.345 +206.346][AI] decision start current=1 decision=1 difficulty=2 phase=1 rolled=0 discards=0 thiefPlacement=0 thiefVictim=0 delay=0.386
[15:05:33.746 +206.746][AI] roll animation start player=1
[15:05:33.748 +206.749][UI] dice animation start pending=3+3 total=6
[15:05:34.613 +207.613][UI] dice animation resolve total=6
[15:05:34.614 +207.615][GAME] gameRollDice start player=1 total=6
[15:05:34.615 +207.616][GAME] gameRollDice end player=1 total=6 elapsed=0.001 pendingDiscards=0 thiefPlacement=0 thiefVictim=0
[15:05:34.621 +207.621][UI] dice animation resolved total=6 elapsed=0.008 pendingDiscards=0 thiefPlacement=0 thiefVictim=0
[15:05:34.740 +207.740][AI] play phase search action=none score=-91.308 elapsed=0.114 budget=4.000 nodes=7 timedOut=0
[15:05:34.743 +207.743][AI] play phase no action elapsed=0.117
[15:05:34.744 +207.745][AI] end turn player=1
[15:05:34.751 +207.751][AI] roll animation start player=2
[15:05:34.752 +207.753][UI] dice animation start pending=4+4 total=8
[15:05:35.618 +208.618][UI] dice animation resolve total=8
[15:05:35.619 +208.620][GAME] gameRollDice start player=2 total=8
[15:05:35.620 +208.621][GAME] gameRollDice end player=2 total=8 elapsed=0.001 pendingDiscards=0 thiefPlacement=0 thiefVictim=0
[15:05:35.623 +208.624][UI] dice animation resolved total=8 elapsed=0.005 pendingDiscards=0 thiefPlacement=0 thiefVictim=0
[15:05:35.642 +208.642][AI] play phase search action=none score=-685.525 elapsed=0.016 budget=4.000 nodes=1 timedOut=0
[15:05:35.645 +208.645][AI] play phase no action elapsed=0.018
[15:05:35.646 +208.647][AI] end turn player=2
[15:05:35.652 +208.653][AI] roll animation start player=3
[15:05:35.654 +208.654][UI] dice animation start pending=3+3 total=6
[15:05:36.519 +209.520][UI] dice animation resolve total=6
[15:05:36.521 +209.521][GAME] gameRollDice start player=3 total=6
[15:05:36.523 +209.523][GAME] gameRollDice end player=3 total=6 elapsed=0.002 pendingDiscards=0 thiefPlacement=0 thiefVictim=0
[15:05:36.528 +209.529][UI] dice animation resolved total=6 elapsed=0.009 pendingDiscards=0 thiefPlacement=0 thiefVictim=0
[15:05:36.640 +209.641][AI] play phase search action=none score=135.637 elapsed=0.109 budget=4.000 nodes=7 timedOut=0
[15:05:36.643 +209.644][AI] play phase no action elapsed=0.112
[15:05:36.645 +209.645][AI] end turn player=3
[15:05:37.419 +210.419][UI] dice animation start pending=1+1 total=2
[15:05:38.270 +211.270][UI] dice animation resolve total=2
[15:05:38.271 +211.272][GAME] gameRollDice start player=0 total=2
[15:05:38.273 +211.273][GAME] gameRollDice end player=0 total=2 elapsed=0.001 pendingDiscards=0 thiefPlacement=0 thiefVictim=0
[15:05:38.275 +211.276][UI] dice animation resolved total=2 elapsed=0.006 pendingDiscards=0 thiefPlacement=0 thiefVictim=0
[15:05:39.973 +211.974][AI] decision start current=1 decision=1 difficulty=2 phase=1 rolled=0 discards=0 thiefPlacement=0 thiefVictim=0 delay=0.386
[15:05:39.373 +212.374][AI] roll animation start player=1
[15:05:39.374 +212.375][UI] dice animation start pending=2+2 total=4
[15:05:40.241 +213.241][UI] dice animation resolve total=4
[15:05:40.242 +213.242][GAME] gameRollDice start player=1 total=4
[15:05:40.244 +213.244][GAME] gameRollDice end player=1 total=4 elapsed=0.002 pendingDiscards=0 thiefPlacement=0 thiefVictim=0
[15:05:40.246 +213.247][UI] dice animation resolved total=4 elapsed=0.006 pendingDiscards=0 thiefPlacement=0 thiefVictim=0
[15:05:40.438 +213.438][AI] play phase search action=none score=-98.425 elapsed=0.189 budget=4.000 nodes=12 timedOut=0
[15:05:40.440 +213.440][AI] play phase no action elapsed=0.191
[15:05:40.441 +213.442][AI] end turn player=1
[15:05:40.447 +213.448][AI] roll animation start player=2
[15:05:40.449 +213.449][UI] dice animation start pending=5+5 total=10
[15:05:41.315 +214.315][UI] dice animation resolve total=10
[15:05:41.316 +214.317][GAME] gameRollDice start player=2 total=10
[15:05:41.317 +214.318][GAME] gameRollDice end player=2 total=10 elapsed=0.001 pendingDiscards=0 thiefPlacement=0 thiefVictim=0
[15:05:41.320 +214.320][UI] dice animation resolved total=10 elapsed=0.005 pendingDiscards=0 thiefPlacement=0 thiefVictim=0
[15:05:41.339 +214.340][AI] play phase search action=none score=-667.642 elapsed=0.016 budget=4.000 nodes=1 timedOut=0
[15:05:41.342 +214.342][AI] play phase no action elapsed=0.018
[15:05:41.343 +214.344][AI] end turn player=2
[15:05:41.350 +214.350][AI] roll animation start player=3
[15:05:41.351 +214.352][UI] dice animation start pending=3+3 total=6
[15:05:42.202 +215.202][UI] dice animation resolve total=6
[15:05:42.204 +215.205][GAME] gameRollDice start player=3 total=6
[15:05:42.206 +215.206][GAME] gameRollDice end player=3 total=6 elapsed=0.001 pendingDiscards=0 thiefPlacement=0 thiefVictim=0
[15:05:42.209 +215.210][UI] dice animation resolved total=6 elapsed=0.007 pendingDiscards=0 thiefPlacement=0 thiefVictim=0
[15:05:42.435 +215.435][AI] play phase search action=maritime_trade score=166.304 elapsed=0.221 budget=4.000 nodes=14 timedOut=0
[15:05:42.438 +215.438][AI] play phase decision current=3 actor=0 type=maritime_trade tile=0 corner=0 side=0 target=0 resA=4 resB=0 discard=[0,0,0,0,0]
[15:05:42.445 +215.445][AI] action execute start current=3 actor=0 type=maritime_trade tile=0 corner=0 side=0 target=0 resA=4 resB=0 discard=[0,0,0,0,0]
[15:05:42.452 +215.453][AI] action execute end type=maritime_trade success=1 elapsed=0.007
[15:05:42.454 +215.455][AI] play phase elapsed=0.240
[15:05:43.237 +216.238][AI] play phase search action=none score=136.304 elapsed=0.126 budget=4.000 nodes=8 timedOut=0
[15:05:43.240 +216.241][AI] play phase no action elapsed=0.129
[15:05:43.243 +216.244][AI] end turn player=3
[15:05:45.437 +218.438][UI] dice animation start pending=3+3 total=6
[15:05:46.288 +219.289][UI] dice animation resolve total=6
[15:05:46.289 +219.290][GAME] gameRollDice start player=0 total=6
[15:05:46.291 +219.291][GAME] gameRollDice end player=0 total=6 elapsed=0.001 pendingDiscards=0 thiefPlacement=0 thiefVictim=0
[15:05:46.293 +219.294][UI] dice animation resolved total=6 elapsed=0.005 pendingDiscards=0 thiefPlacement=0 thiefVictim=0
[15:05:47.524 +220.525][AI] decision start current=1 decision=1 difficulty=2 phase=1 rolled=0 discards=0 thiefPlacement=0 thiefVictim=0 delay=0.386
[15:05:48.926 +220.927][AI] roll animation start player=1
[15:05:48.928 +220.929][UI] dice animation start pending=2+2 total=4
[15:05:48.794 +221.794][UI] dice animation resolve total=4
[15:05:48.796 +221.796][GAME] gameRollDice start player=1 total=4
[15:05:48.798 +221.798][GAME] gameRollDice end player=1 total=4 elapsed=0.002 pendingDiscards=0 thiefPlacement=0 thiefVictim=0
[15:05:48.806 +221.806][UI] dice animation resolved total=4 elapsed=0.012 pendingDiscards=0 thiefPlacement=0 thiefVictim=0
[15:05:49.583 +222.583][AI] play phase search action=none score=-91.655 elapsed=0.768 budget=4.000 nodes=48 timedOut=0
[15:05:49.587 +222.587][AI] play phase no action elapsed=0.772
[15:05:49.590 +222.590][AI] end turn player=1
[15:05:49.599 +222.599][AI] roll animation start player=2
[15:05:49.600 +222.601][UI] dice animation start pending=1+2 total=3
[15:05:50.466 +223.467][UI] dice animation resolve total=3
[15:05:50.468 +223.469][GAME] gameRollDice start player=2 total=3
[15:05:50.471 +223.471][GAME] gameRollDice end player=2 total=3 elapsed=0.003 pendingDiscards=0 thiefPlacement=0 thiefVictim=0
[15:05:50.476 +223.477][UI] dice animation resolved total=3 elapsed=0.010 pendingDiscards=0 thiefPlacement=0 thiefVictim=0
[15:05:50.637 +223.637][AI] play phase search action=maritime_trade score=-513.642 elapsed=0.157 budget=4.000 nodes=10 timedOut=0
[15:05:50.639 +223.639][AI] play phase decision current=2 actor=0 type=maritime_trade tile=0 corner=0 side=0 target=0 resA=1 resB=2 discard=[0,0,0,0,0]
[15:05:50.643 +223.644][AI] action execute start current=2 actor=0 type=maritime_trade tile=0 corner=0 side=0 target=0 resA=1 resB=2 discard=[0,0,0,0,0]
[15:05:50.647 +223.648][AI] action execute end type=maritime_trade success=1 elapsed=0.004
[15:05:50.649 +223.650][AI] play phase elapsed=0.169
[15:05:51.402 +224.402][AI] play phase search action=build_road score=-543.642 elapsed=0.096 budget=4.000 nodes=6 timedOut=0
[15:05:51.405 +224.406][AI] play phase decision current=2 actor=0 type=build_road tile=2 corner=0 side=5 target=0 resA=0 resB=0 discard=[0,0,0,0,0]
[15:05:51.409 +224.409][AI] action execute start current=2 actor=0 type=build_road tile=2 corner=0 side=5 target=0 resA=0 resB=0 discard=[0,0,0,0,0]
[15:05:51.413 +224.414][AI] action execute end type=build_road success=1 elapsed=0.005
[15:05:51.415 +224.415][AI] play phase elapsed=0.109
[15:05:52.087 +225.088][AI] play phase search action=none score=-543.642 elapsed=0.015 budget=4.000 nodes=1 timedOut=0
[15:05:52.090 +225.091][AI] play phase no action elapsed=0.018
[15:05:52.091 +225.092][AI] end turn player=2
[15:05:52.098 +225.099][AI] roll animation start player=3
[15:05:52.100 +225.100][UI] dice animation start pending=3+4 total=7
[15:05:53.966 +225.967][UI] dice animation resolve total=7
[15:05:53.968 +225.968][GAME] gameRollDice start player=3 total=7
[15:05:53.969 +225.969][GAME] begin discard phase currentPlayer=3
[15:05:53.970 +225.971][GAME] discard requirement player=0 total=6 discard=0
[15:05:53.974 +225.974][GAME] discard requirement player=1 total=8 discard=4
[15:05:53.976 +225.976][GAME] discard requirement player=2 total=1 discard=0
[15:05:53.977 +225.978][GAME] discard requirement player=3 total=9 discard=4
[15:05:53.979 +225.979][GAME] gameRollDice end player=3 total=7 elapsed=0.011 pendingDiscards=1 thiefPlacement=0 thiefVictim=0
[15:05:53.981 +225.982][UI] dice animation resolved total=7 elapsed=0.015 pendingDiscards=1 thiefPlacement=0 thiefVictim=0
[15:05:53.984 +225.985][AI] decision start current=3 decision=1 difficulty=2 phase=1 rolled=1 discards=1 thiefPlacement=0 thiefVictim=0 delay=0.000
[15:05:53.987 +225.988][AI] discard planning start player=1 required=4
[15:05:53.989 +225.990][AI] discard planning end player=1 elapsed=0.002 plan=[1,1,1,1,0]
[15:05:53.992 +225.992][AI] action execute start current=3 actor=1 type=discard tile=0 corner=0 side=0 target=1 resA=0 resB=0 discard=[1,1,1,1,0]
[15:05:53.995 +225.996][GAME] discard submitted player=1 plan=[1,1,1,1,0] thiefPlacement=0
[15:05:53.997 +225.998][AI] action execute end type=discard success=1 elapsed=0.005
[15:05:53.999 +225.999][AI] discard execute player=1 success=1 elapsed=0.007
[15:05:53.006 +226.006][AI] decision start current=3 decision=3 difficulty=2 phase=1 rolled=1 discards=1 thiefPlacement=0 thiefVictim=0 delay=0.000
[15:05:53.010 +226.010][AI] discard planning start player=3 required=4
[15:05:53.012 +226.012][AI] discard planning end player=3 elapsed=0.002 plan=[1,2,1,0,0]
[15:05:53.014 +226.014][AI] action execute start current=3 actor=3 type=discard tile=0 corner=0 side=0 target=3 resA=0 resB=0 discard=[1,2,1,0,0]
[15:05:53.017 +226.018][GAME] discard submitted player=3 plan=[1,2,1,0,0] thiefPlacement=1
[15:05:53.019 +226.020][AI] action execute end type=discard success=1 elapsed=0.005
[15:05:53.021 +226.022][AI] discard execute player=3 success=1 elapsed=0.007
[15:05:53.045 +226.045][GAME] move thief start player=3 tile=0
[15:05:53.046 +226.047][GAME] move thief end player=3 tile=0 elapsed=0.002 thiefVictim=0
[15:05:53.064 +226.064][GAME] move thief start player=3 tile=1
[15:05:53.065 +226.066][GAME] move thief end player=3 tile=1 elapsed=0.002 thiefVictim=1
[15:05:53.115 +226.116][GAME] move thief start player=3 tile=2
[15:05:53.117 +226.117][GAME] move thief end player=3 tile=2 elapsed=0.001 thiefVictim=1
[15:05:53.166 +226.166][GAME] move thief start player=3 tile=3
[15:05:53.167 +226.168][GAME] move thief end player=3 tile=3 elapsed=0.002 thiefVictim=0
[15:05:53.185 +226.185][GAME] move thief start player=3 tile=4
[15:05:53.186 +226.187][GAME] move thief end player=3 tile=4 elapsed=0.001 thiefVictim=1
[15:05:53.265 +226.266][GAME] move thief start player=3 tile=5
[15:05:53.266 +226.267][GAME] move thief end player=3 tile=5 elapsed=0.001 thiefVictim=1
[15:05:53.330 +226.331][GAME] move thief start player=3 tile=6
[15:05:53.331 +226.332][GAME] move thief end player=3 tile=6 elapsed=0.001 thiefVictim=1
[15:05:53.364 +226.365][GAME] move thief start player=3 tile=7
[15:05:53.366 +226.366][GAME] move thief end player=3 tile=7 elapsed=0.001 thiefVictim=0
[15:05:53.383 +226.383][GAME] move thief start player=3 tile=8
[15:05:53.384 +226.385][GAME] move thief end player=3 tile=8 elapsed=0.001 thiefVictim=1
[15:05:53.462 +226.463][GAME] move thief start player=3 tile=9
[15:05:53.464 +226.464][GAME] move thief end player=3 tile=9 elapsed=0.001 thiefVictim=1
[15:05:53.559 +226.559][GAME] move thief start player=3 tile=11
[15:05:53.560 +226.560][GAME] move thief end player=3 tile=11 elapsed=0.001 thiefVictim=1
[15:05:53.608 +226.609][GAME] move thief start player=3 tile=12
[15:05:53.609 +226.610][GAME] move thief end player=3 tile=12 elapsed=0.001 thiefVictim=0
[15:05:53.627 +226.627][GAME] move thief start player=3 tile=13
[15:05:53.629 +226.629][GAME] move thief end player=3 tile=13 elapsed=0.002 thiefVictim=0
[15:05:53.647 +226.647][GAME] move thief start player=3 tile=14
[15:05:53.648 +226.649][GAME] move thief end player=3 tile=14 elapsed=0.001 thiefVictim=1
[15:05:53.682 +226.682][GAME] move thief start player=3 tile=15
[15:05:53.684 +226.684][GAME] move thief end player=3 tile=15 elapsed=0.002 thiefVictim=1
[15:05:53.733 +226.734][GAME] move thief start player=3 tile=16
[15:05:53.735 +226.735][GAME] move thief end player=3 tile=16 elapsed=0.001 thiefVictim=0
[15:05:53.752 +226.752][GAME] move thief start player=3 tile=17
[15:05:53.754 +226.754][GAME] move thief end player=3 tile=17 elapsed=0.002 thiefVictim=1
[15:05:54.834 +226.835][GAME] move thief start player=3 tile=18
[15:05:54.836 +226.836][GAME] move thief end player=3 tile=18 elapsed=0.001 thiefVictim=1
[15:05:54.915 +226.916][AI] thief move planning end player=3 tile=7 elapsed=0.887
[15:05:54.917 +226.918][AI] action execute start current=3 actor=0 type=move_thief tile=7 corner=0 side=0 target=0 resA=0 resB=0 discard=[0,0,0,0,0]
[15:05:54.920 +226.921][GAME] move thief start player=3 tile=7
[15:05:54.922 +226.922][GAME] move thief end player=3 tile=7 elapsed=0.002 thiefVictim=0
[15:05:54.926 +226.926][AI] action execute end type=move_thief success=1 elapsed=0.009
[15:05:54.928 +226.928][AI] thief move execute player=3 tile=7 success=1 elapsed=0.011
[15:05:54.712 +227.713][AI] play phase search action=none score=263.597 elapsed=0.127 budget=4.000 nodes=8 timedOut=0
[15:05:54.715 +227.715][AI] play phase no action elapsed=0.130
[15:05:54.717 +227.717][AI] end turn player=3
[15:05:56.661 +229.661][UI] dice animation start pending=3+4 total=7
[15:05:57.512 +230.513][UI] dice animation resolve total=7
[15:05:57.514 +230.514][GAME] gameRollDice start player=0 total=7
[15:05:57.515 +230.516][GAME] begin discard phase currentPlayer=0
[15:05:57.517 +230.517][GAME] discard requirement player=0 total=6 discard=0
[15:05:57.518 +230.519][GAME] discard requirement player=1 total=4 discard=0
[15:05:57.520 +230.520][GAME] discard requirement player=2 total=1 discard=0
[15:05:57.522 +230.522][GAME] discard requirement player=3 total=5 discard=0
[15:05:57.523 +230.524][GAME] no discards needed, thief placement starts immediately
[15:05:57.525 +230.526][GAME] gameRollDice end player=0 total=7 elapsed=0.012 pendingDiscards=0 thiefPlacement=1 thiefVictim=0
[15:05:57.529 +230.529][UI] dice animation resolved total=7 elapsed=0.017 pendingDiscards=0 thiefPlacement=1 thiefVictim=0
[15:05:58.805 +231.806][GAME] move thief start player=0 tile=13
[15:05:58.808 +231.808][GAME] move thief end player=0 tile=13 elapsed=0.002 thiefVictim=1
[15:05:59.173 +232.173][GAME] steal resource player=0 victim=3 resource=1
[15:06:00.741 +233.742][AI] decision start current=1 decision=1 difficulty=2 phase=1 rolled=0 discards=0 thiefPlacement=0 thiefVictim=0 delay=0.386
[15:06:01.143 +234.143][AI] roll animation start player=1
[15:06:01.144 +234.144][UI] dice animation start pending=5+6 total=11
[15:06:02.009 +235.010][UI] dice animation resolve total=11
[15:06:02.011 +235.011][GAME] gameRollDice start player=1 total=11
[15:06:02.012 +235.013][GAME] gameRollDice end player=1 total=11 elapsed=0.001 pendingDiscards=0 thiefPlacement=0 thiefVictim=0
[15:06:02.015 +235.016][UI] dice animation resolved total=11 elapsed=0.006 pendingDiscards=0 thiefPlacement=0 thiefVictim=0
[15:06:02.131 +235.132][AI] play phase search action=none score=-378.016 elapsed=0.113 budget=4.000 nodes=7 timedOut=0
[15:06:02.134 +235.135][AI] play phase no action elapsed=0.116
[15:06:02.135 +235.136][AI] end turn player=1
[15:06:02.142 +235.143][AI] roll animation start player=2
[15:06:02.144 +235.144][UI] dice animation start pending=3+4 total=7
[15:06:03.010 +236.011][UI] dice animation resolve total=7
[15:06:03.012 +236.012][GAME] gameRollDice start player=2 total=7
[15:06:03.014 +236.015][GAME] begin discard phase currentPlayer=2
[15:06:03.018 +236.018][GAME] discard requirement player=0 total=9 discard=4
[15:06:03.020 +236.021][GAME] discard requirement player=1 total=4 discard=0
[15:06:03.022 +236.022][GAME] discard requirement player=2 total=1 discard=0
[15:06:03.024 +236.024][GAME] discard requirement player=3 total=4 discard=0
[15:06:03.026 +236.026][GAME] gameRollDice end player=2 total=7 elapsed=0.014 pendingDiscards=1 thiefPlacement=0 thiefVictim=0
[15:06:03.028 +236.029][UI] dice animation resolved total=7 elapsed=0.018 pendingDiscards=1 thiefPlacement=0 thiefVictim=0
[15:06:07.258 +240.258][GAME] discard submitted player=0 plan=[4,0,0,0,0] thiefPlacement=1
[15:06:07.290 +240.290][GAME] move thief start player=2 tile=0
[15:06:07.291 +240.291][GAME] move thief end player=2 tile=0 elapsed=0.001 thiefVictim=0
[15:06:07.308 +240.309][GAME] move thief start player=2 tile=1
[15:06:07.310 +240.310][GAME] move thief end player=2 tile=1 elapsed=0.001 thiefVictim=1
[15:06:07.373 +240.373][GAME] move thief start player=2 tile=2
[15:06:07.375 +240.375][GAME] move thief end player=2 tile=2 elapsed=0.002 thiefVictim=1
[15:06:07.439 +240.440][GAME] move thief start player=2 tile=3
[15:06:07.441 +240.441][GAME] move thief end player=2 tile=3 elapsed=0.002 thiefVictim=0
[15:06:07.459 +240.459][GAME] move thief start player=2 tile=4
[15:06:07.460 +240.461][GAME] move thief end player=2 tile=4 elapsed=0.001 thiefVictim=1
[15:06:07.539 +240.540][GAME] move thief start player=2 tile=5
[15:06:07.541 +240.541][GAME] move thief end player=2 tile=5 elapsed=0.001 thiefVictim=1
[15:06:07.605 +240.606][GAME] move thief start player=2 tile=6
[15:06:07.606 +240.607][GAME] move thief end player=2 tile=6 elapsed=0.001 thiefVictim=0
[15:06:07.624 +240.624][GAME] move thief start player=2 tile=7
[15:06:07.625 +240.626][GAME] move thief end player=2 tile=7 elapsed=0.001 thiefVictim=0
[15:06:07.643 +240.643][GAME] move thief start player=2 tile=8
[15:06:07.644 +240.645][GAME] move thief end player=2 tile=8 elapsed=0.001 thiefVictim=1
[15:06:07.785 +240.786][GAME] move thief start player=2 tile=9
[15:06:07.787 +240.787][GAME] move thief end player=2 tile=9 elapsed=0.001 thiefVictim=1
[15:06:08.867 +240.867][GAME] move thief start player=2 tile=10
[15:06:08.868 +240.869][GAME] move thief end player=2 tile=10 elapsed=0.001 thiefVictim=1
[15:06:08.932 +240.932][GAME] move thief start player=2 tile=11
[15:06:08.933 +240.933][GAME] move thief end player=2 tile=11 elapsed=0.001 thiefVictim=1
[15:06:08.997 +240.998][GAME] move thief start player=2 tile=12
[15:06:08.999 +241.000][GAME] move thief end player=2 tile=12 elapsed=0.002 thiefVictim=1
[15:06:08.079 +241.080][GAME] move thief start player=2 tile=14
[15:06:08.081 +241.081][GAME] move thief end player=2 tile=14 elapsed=0.001 thiefVictim=1
[15:06:08.160 +241.161][GAME] move thief start player=2 tile=15
[15:06:08.161 +241.162][GAME] move thief end player=2 tile=15 elapsed=0.001 thiefVictim=1
[15:06:08.288 +241.288][GAME] move thief start player=2 tile=16
[15:06:08.290 +241.290][GAME] move thief end player=2 tile=16 elapsed=0.002 thiefVictim=0
[15:06:08.310 +241.310][GAME] move thief start player=2 tile=17
[15:06:08.312 +241.312][GAME] move thief end player=2 tile=17 elapsed=0.002 thiefVictim=1
[15:06:08.392 +241.392][GAME] move thief start player=2 tile=18
[15:06:08.394 +241.394][GAME] move thief end player=2 tile=18 elapsed=0.002 thiefVictim=1
[15:06:08.537 +241.537][AI] thief move planning end player=2 tile=7 elapsed=1.263
[15:06:08.539 +241.540][AI] action execute start current=2 actor=0 type=move_thief tile=7 corner=0 side=0 target=0 resA=0 resB=0 discard=[0,0,0,0,0]
[15:06:08.547 +241.548][GAME] move thief start player=2 tile=7
[15:06:08.549 +241.549][GAME] move thief end player=2 tile=7 elapsed=0.002 thiefVictim=0
[15:06:08.554 +241.554][AI] action execute end type=move_thief success=1 elapsed=0.015
[15:06:08.556 +241.556][AI] thief move execute player=2 tile=7 success=1 elapsed=0.017
[15:06:09.229 +242.229][AI] play phase search action=none score=-431.199 elapsed=0.015 budget=4.000 nodes=1 timedOut=0
[15:06:09.232 +242.232][AI] play phase no action elapsed=0.018
[15:06:09.233 +242.234][AI] end turn player=2
[15:06:09.239 +242.240][AI] roll animation start player=3
[15:06:09.241 +242.242][UI] dice animation start pending=4+4 total=8
[15:06:10.107 +243.107][UI] dice animation resolve total=8
[15:06:10.108 +243.108][GAME] gameRollDice start player=3 total=8
[15:06:10.109 +243.110][GAME] gameRollDice end player=3 total=8 elapsed=0.001 pendingDiscards=0 thiefPlacement=0 thiefVictim=0
[15:06:10.113 +243.113][UI] dice animation resolved total=8 elapsed=0.006 pendingDiscards=0 thiefPlacement=0 thiefVictim=0
[15:06:10.243 +243.243][AI] play phase search action=none score=248.043 elapsed=0.127 budget=4.000 nodes=8 timedOut=0
[15:06:10.246 +243.247][AI] play phase no action elapsed=0.130
[15:06:10.248 +243.248][AI] end turn player=3
[15:06:12.924 +244.924][UI] dice animation start pending=2+3 total=5
[15:06:12.776 +245.777][UI] dice animation resolve total=5
[15:06:12.777 +245.778][GAME] gameRollDice start player=0 total=5
[15:06:12.779 +245.779][GAME] gameRollDice end player=0 total=5 elapsed=0.001 pendingDiscards=0 thiefPlacement=0 thiefVictim=0
[15:06:12.782 +245.782][UI] dice animation resolved total=5 elapsed=0.006 pendingDiscards=0 thiefPlacement=0 thiefVictim=0
[15:06:15.467 +248.468][RENDER] settlement preview invalid tile=8 corner=2 player=0 reason=corner already occupied validPreviewCount=3
[15:06:15.484 +248.485][RENDER] settlement preview invalid tile=7 corner=1 player=0 reason=adjacent settlement too close validPreviewCount=3
[15:06:15.618 +248.618][RENDER] settlement preview invalid tile=3 corner=3 player=0 reason=no owned road touches this corner validPreviewCount=3
[15:06:17.105 +250.105][RENDER] settlement preview invalid tile=15 corner=1 player=0 reason=no owned road touches this corner validPreviewCount=2
[15:06:17.138 +250.139][RENDER] settlement preview invalid tile=10 corner=2 player=0 reason=adjacent settlement too close validPreviewCount=2
[15:06:17.155 +250.155][RENDER] settlement preview invalid tile=9 corner=1 player=0 reason=corner already occupied validPreviewCount=2
[15:06:17.188 +250.189][RENDER] settlement preview invalid tile=4 corner=2 player=0 reason=corner already occupied validPreviewCount=2
[15:06:17.239 +250.239][RENDER] settlement preview invalid tile=3 corner=1 player=0 reason=adjacent settlement too close validPreviewCount=2
[15:06:19.035 +252.036][AI] decision start current=1 decision=1 difficulty=2 phase=1 rolled=0 discards=0 thiefPlacement=0 thiefVictim=0 delay=0.386
[15:06:19.436 +252.437][AI] roll animation start player=1
[15:06:19.438 +252.439][UI] dice animation start pending=2+2 total=4
[15:06:20.303 +253.303][UI] dice animation resolve total=4
[15:06:20.304 +253.305][GAME] gameRollDice start player=1 total=4
[15:06:20.305 +253.306][GAME] gameRollDice end player=1 total=4 elapsed=0.001 pendingDiscards=0 thiefPlacement=0 thiefVictim=0
[15:06:20.308 +253.309][UI] dice animation resolved total=4 elapsed=0.006 pendingDiscards=0 thiefPlacement=0 thiefVictim=0
[15:06:20.419 +253.420][AI] play phase search action=none score=-170.022 elapsed=0.106 budget=4.000 nodes=7 timedOut=0
[15:06:20.422 +253.422][AI] play phase no action elapsed=0.108
[15:06:20.423 +253.424][AI] end turn player=1
[15:06:20.430 +253.430][AI] roll animation start player=2
[15:06:20.431 +253.432][UI] dice animation start pending=3+3 total=6
[15:06:21.297 +254.297][UI] dice animation resolve total=6
[15:06:21.298 +254.299][GAME] gameRollDice start player=2 total=6
[15:06:21.300 +254.301][GAME] gameRollDice end player=2 total=6 elapsed=0.002 pendingDiscards=0 thiefPlacement=0 thiefVictim=0
[15:06:21.304 +254.305][UI] dice animation resolved total=6 elapsed=0.008 pendingDiscards=0 thiefPlacement=0 thiefVictim=0
[15:06:21.323 +254.324][AI] play phase search action=none score=-531.067 elapsed=0.015 budget=4.000 nodes=1 timedOut=0
[15:06:21.326 +254.326][AI] play phase no action elapsed=0.018
[15:06:21.327 +254.328][AI] end turn player=2
[15:06:21.334 +254.334][AI] roll animation start player=3
[15:06:21.335 +254.336][UI] dice animation start pending=1+1 total=2
[15:06:22.200 +255.201][UI] dice animation resolve total=2
[15:06:22.201 +255.202][GAME] gameRollDice start player=3 total=2
[15:06:22.203 +255.204][GAME] gameRollDice end player=3 total=2 elapsed=0.002 pendingDiscards=0 thiefPlacement=0 thiefVictim=0
[15:06:22.207 +255.207][UI] dice animation resolved total=2 elapsed=0.007 pendingDiscards=0 thiefPlacement=0 thiefVictim=0
[15:06:22.330 +255.331][AI] play phase search action=none score=37.196 elapsed=0.120 budget=4.000 nodes=8 timedOut=0
[15:06:22.333 +255.333][AI] play phase no action elapsed=0.122
[15:06:22.334 +255.334][AI] end turn player=3
[15:06:34.852 +266.852][UI] dice animation start pending=3+4 total=7
[15:06:34.705 +267.705][UI] dice animation resolve total=7
[15:06:34.707 +267.707][GAME] gameRollDice start player=0 total=7
[15:06:34.709 +267.709][GAME] begin discard phase currentPlayer=0
[15:06:34.710 +267.711][GAME] discard requirement player=0 total=7 discard=3
[15:06:34.712 +267.713][GAME] discard requirement player=1 total=5 discard=0
[15:06:34.714 +267.715][GAME] discard requirement player=2 total=3 discard=0
[15:06:34.716 +267.717][GAME] discard requirement player=3 total=8 discard=4
[15:06:34.718 +267.719][GAME] gameRollDice end player=0 total=7 elapsed=0.012 pendingDiscards=1 thiefPlacement=0 thiefVictim=0
[15:06:34.722 +267.722][UI] dice animation resolved total=7 elapsed=0.017 pendingDiscards=1 thiefPlacement=0 thiefVictim=0
[15:06:38.343 +271.344][GAME] discard submitted player=0 plan=[0,0,0,3,0] thiefPlacement=0
[15:06:38.359 +271.360][AI] decision start current=0 decision=3 difficulty=2 phase=1 rolled=1 discards=1 thiefPlacement=0 thiefVictim=0 delay=0.000
[15:06:38.364 +271.364][AI] discard planning start player=3 required=4
[15:06:38.366 +271.367][AI] discard planning end player=3 elapsed=0.002 plan=[0,0,2,0,2]
[15:06:38.368 +271.369][AI] action execute start current=0 actor=3 type=discard tile=0 corner=0 side=0 target=3 resA=0 resB=0 discard=[0,0,2,0,2]
[15:06:38.371 +271.372][GAME] discard submitted player=3 plan=[0,0,2,0,2] thiefPlacement=1
[15:06:38.373 +271.374][AI] action execute end type=discard success=1 elapsed=0.005
[15:06:38.376 +271.376][AI] discard execute player=3 success=1 elapsed=0.007
[15:06:41.871 +273.872][GAME] move thief start player=0 tile=13
[15:06:41.873 +273.873][GAME] move thief end player=0 tile=13 elapsed=0.002 thiefVictim=1
[15:06:41.221 +274.222][GAME] steal resource player=0 victim=3 resource=2
[15:06:45.112 +278.112][AI] decision start current=1 decision=1 difficulty=2 phase=1 rolled=0 discards=0 thiefPlacement=0 thiefVictim=0 delay=0.386
[15:06:45.512 +278.512][AI] roll animation start player=1
[15:06:45.513 +278.514][UI] dice animation start pending=3+3 total=6
[15:06:46.380 +279.380][UI] dice animation resolve total=6
[15:06:46.381 +279.382][GAME] gameRollDice start player=1 total=6
[15:06:46.383 +279.384][GAME] gameRollDice end player=1 total=6 elapsed=0.002 pendingDiscards=0 thiefPlacement=0 thiefVictim=0
[15:06:46.388 +279.388][UI] dice animation resolved total=6 elapsed=0.008 pendingDiscards=0 thiefPlacement=0 thiefVictim=0
[15:06:46.571 +279.571][AI] play phase search action=none score=-415.721 elapsed=0.179 budget=4.000 nodes=12 timedOut=0
[15:06:46.575 +279.575][AI] play phase no action elapsed=0.183
[15:06:46.578 +279.579][AI] end turn player=1
[15:06:46.585 +279.586][AI] roll animation start player=2
[15:06:46.587 +279.588][UI] dice animation start pending=3+4 total=7
[15:06:47.453 +280.454][UI] dice animation resolve total=7
[15:06:47.455 +280.456][GAME] gameRollDice start player=2 total=7
[15:06:47.457 +280.457][GAME] begin discard phase currentPlayer=2
[15:06:47.459 +280.459][GAME] discard requirement player=0 total=4 discard=0
[15:06:47.462 +280.462][GAME] discard requirement player=1 total=5 discard=0
[15:06:47.464 +280.464][GAME] discard requirement player=2 total=4 discard=0
[15:06:47.466 +280.467][GAME] discard requirement player=3 total=3 discard=0
[15:06:47.468 +280.469][GAME] no discards needed, thief placement starts immediately
[15:06:47.470 +280.471][GAME] gameRollDice end player=2 total=7 elapsed=0.015 pendingDiscards=0 thiefPlacement=1 thiefVictim=0
[15:06:47.473 +280.474][UI] dice animation resolved total=7 elapsed=0.020 pendingDiscards=0 thiefPlacement=1 thiefVictim=0
[15:06:47.490 +280.491][GAME] move thief start player=2 tile=0
[15:06:47.492 +280.492][GAME] move thief end player=2 tile=0 elapsed=0.001 thiefVictim=1
[15:06:47.568 +280.568][GAME] move thief start player=2 tile=1
[15:06:47.569 +280.570][GAME] move thief end player=2 tile=1 elapsed=0.001 thiefVictim=1
[15:06:47.645 +280.646][GAME] move thief start player=2 tile=2
[15:06:47.647 +280.647][GAME] move thief end player=2 tile=2 elapsed=0.001 thiefVictim=1
[15:06:47.723 +280.723][GAME] move thief start player=2 tile=3
[15:06:47.724 +280.725][GAME] move thief end player=2 tile=3 elapsed=0.001 thiefVictim=1
[15:06:47.800 +280.801][GAME] move thief start player=2 tile=4
[15:06:47.801 +280.802][GAME] move thief end player=2 tile=4 elapsed=0.001 thiefVictim=1
[15:06:48.937 +280.938][GAME] move thief start player=2 tile=5
[15:06:48.939 +280.940][GAME] move thief end player=2 tile=5 elapsed=0.002 thiefVictim=1
[15:06:48.018 +281.018][GAME] move thief start player=2 tile=6
[15:06:48.019 +281.020][GAME] move thief end player=2 tile=6 elapsed=0.001 thiefVictim=0
[15:06:48.036 +281.036][GAME] move thief start player=2 tile=7
[15:06:48.037 +281.038][GAME] move thief end player=2 tile=7 elapsed=0.001 thiefVictim=1
[15:06:48.114 +281.115][GAME] move thief start player=2 tile=8
[15:06:48.116 +281.116][GAME] move thief end player=2 tile=8 elapsed=0.002 thiefVictim=1
[15:06:48.297 +281.298][GAME] move thief start player=2 tile=9
[15:06:48.300 +281.300][GAME] move thief end player=2 tile=9 elapsed=0.002 thiefVictim=1
[15:06:48.378 +281.379][GAME] move thief start player=2 tile=10
[15:06:48.381 +281.381][GAME] move thief end player=2 tile=10 elapsed=0.002 thiefVictim=1
[15:06:48.460 +281.460][GAME] move thief start player=2 tile=11
[15:06:48.462 +281.462][GAME] move thief end player=2 tile=11 elapsed=0.002 thiefVictim=1
[15:06:48.539 +281.539][GAME] move thief start player=2 tile=12
[15:06:48.541 +281.541][GAME] move thief end player=2 tile=12 elapsed=0.002 thiefVictim=1
[15:06:48.605 +281.606][GAME] move thief start player=2 tile=14
[15:06:48.607 +281.608][GAME] move thief end player=2 tile=14 elapsed=0.002 thiefVictim=1
[15:06:48.671 +281.671][GAME] move thief start player=2 tile=15
[15:06:48.673 +281.674][GAME] move thief end player=2 tile=15 elapsed=0.002 thiefVictim=1
[15:06:48.794 +281.795][GAME] move thief start player=2 tile=16
[15:06:48.796 +281.796][GAME] move thief end player=2 tile=16 elapsed=0.002 thiefVictim=0
[15:06:48.813 +281.813][GAME] move thief start player=2 tile=17
[15:06:48.814 +281.815][GAME] move thief end player=2 tile=17 elapsed=0.001 thiefVictim=1
[15:06:49.891 +281.892][GAME] move thief start player=2 tile=18
[15:06:49.892 +281.893][GAME] move thief end player=2 tile=18 elapsed=0.001 thiefVictim=1
[15:06:49.013 +282.014][AI] thief move planning end player=2 tile=11 elapsed=1.538
[15:06:49.016 +282.016][AI] action execute start current=2 actor=0 type=move_thief tile=11 corner=0 side=0 target=0 resA=0 resB=0 discard=[0,0,0,0,0]
[15:06:49.022 +282.022][GAME] move thief start player=2 tile=11
[15:06:49.024 +282.025][GAME] move thief end player=2 tile=11 elapsed=0.003 thiefVictim=1
[15:06:49.026 +282.027][AI] action execute end type=move_thief success=1 elapsed=0.010
[15:06:49.028 +282.028][AI] thief move execute player=2 tile=11 success=1 elapsed=0.012
[15:06:49.110 +282.111][AI] thief victim planning end player=2 victim=0 elapsed=0.074
[15:06:49.113 +282.113][AI] action execute start current=2 actor=0 type=choose_thief_victim tile=0 corner=0 side=0 target=0 resA=0 resB=0 discard=[0,0,0,0,0]
[15:06:49.116 +282.116][GAME] steal resource player=2 victim=0 resource=0
[15:06:49.118 +282.118][AI] action execute end type=choose_thief_victim success=1 elapsed=0.005
[15:06:49.120 +282.121][AI] thief victim execute player=2 victim=0 success=1 elapsed=0.008
[15:06:49.795 +282.795][AI] play phase search action=none score=-429.127 elapsed=0.015 budget=4.000 nodes=1 timedOut=0
[15:06:49.797 +282.798][AI] play phase no action elapsed=0.017
[15:06:49.799 +282.800][AI] end turn player=2
[15:06:49.806 +282.807][AI] roll animation start player=3
[15:06:49.808 +282.808][UI] dice animation start pending=3+3 total=6
[15:06:50.673 +283.673][UI] dice animation resolve total=6
[15:06:50.675 +283.675][GAME] gameRollDice start player=3 total=6
[15:06:50.677 +283.678][GAME] gameRollDice end player=3 total=6 elapsed=0.002 pendingDiscards=0 thiefPlacement=0 thiefVictim=0
[15:06:50.684 +283.684][UI] dice animation resolved total=6 elapsed=0.011 pendingDiscards=0 thiefPlacement=0 thiefVictim=0
[15:06:50.705 +283.705][AI] play phase search action=none score=61.135 elapsed=0.015 budget=4.000 nodes=1 timedOut=0
[15:06:50.707 +283.707][AI] play phase no action elapsed=0.018
[15:06:50.708 +283.709][AI] end turn player=3
[15:06:52.882 +284.883][UI] dice animation start pending=2+3 total=5
[15:06:52.733 +285.733][UI] dice animation resolve total=5
[15:06:52.734 +285.735][GAME] gameRollDice start player=0 total=5
[15:06:52.736 +285.736][GAME] gameRollDice end player=0 total=5 elapsed=0.001 pendingDiscards=0 thiefPlacement=0 thiefVictim=0
[15:06:52.740 +285.740][UI] dice animation resolved total=5 elapsed=0.007 pendingDiscards=0 thiefPlacement=0 thiefVictim=0
[15:06:53.802 +286.802][AI] decision start current=1 decision=1 difficulty=2 phase=1 rolled=0 discards=0 thiefPlacement=0 thiefVictim=0 delay=0.386
[15:06:54.203 +287.203][AI] roll animation start player=1
[15:06:54.205 +287.205][UI] dice animation start pending=2+3 total=5
[15:06:55.070 +288.071][UI] dice animation resolve total=5
[15:06:55.073 +288.073][GAME] gameRollDice start player=1 total=5
[15:06:55.074 +288.075][GAME] gameRollDice end player=1 total=5 elapsed=0.001 pendingDiscards=0 thiefPlacement=0 thiefVictim=0
[15:06:55.079 +288.079][UI] dice animation resolved total=5 elapsed=0.009 pendingDiscards=0 thiefPlacement=0 thiefVictim=0
[15:06:55.264 +288.265][AI] play phase search action=none score=-117.568 elapsed=0.183 budget=4.000 nodes=12 timedOut=0
[15:06:55.266 +288.267][AI] play phase no action elapsed=0.185
[15:06:55.268 +288.268][AI] end turn player=1
[15:06:55.275 +288.275][AI] roll animation start player=2
[15:06:55.276 +288.277][UI] dice animation start pending=4+5 total=9
[15:06:56.142 +289.142][UI] dice animation resolve total=9
[15:06:56.143 +289.144][GAME] gameRollDice start player=2 total=9
[15:06:56.144 +289.145][GAME] gameRollDice end player=2 total=9 elapsed=0.001 pendingDiscards=0 thiefPlacement=0 thiefVictim=0
[15:06:56.147 +289.148][UI] dice animation resolved total=9 elapsed=0.006 pendingDiscards=0 thiefPlacement=0 thiefVictim=0
[15:06:56.167 +289.168][AI] play phase search action=none score=-471.313 elapsed=0.015 budget=4.000 nodes=1 timedOut=0
[15:06:56.169 +289.170][AI] play phase no action elapsed=0.018
[15:06:56.171 +289.171][AI] end turn player=2
[15:06:56.178 +289.179][AI] roll animation start player=3
[15:06:56.180 +289.180][UI] dice animation start pending=2+3 total=5
[15:06:57.045 +290.045][UI] dice animation resolve total=5
[15:06:57.046 +290.047][GAME] gameRollDice start player=3 total=5
[15:06:57.048 +290.048][GAME] gameRollDice end player=3 total=5 elapsed=0.001 pendingDiscards=0 thiefPlacement=0 thiefVictim=0
[15:06:57.051 +290.051][UI] dice animation resolved total=5 elapsed=0.006 pendingDiscards=0 thiefPlacement=0 thiefVictim=0
[15:06:57.070 +290.071][AI] play phase search action=none score=74.660 elapsed=0.015 budget=4.000 nodes=1 timedOut=0
[15:06:57.073 +290.073][AI] play phase no action elapsed=0.018
[15:06:57.074 +290.075][AI] end turn player=3
[15:07:05.722 +298.723][UI] dice animation start pending=2+2 total=4
[15:07:06.588 +299.589][UI] dice animation resolve total=4
[15:07:06.590 +299.590][GAME] gameRollDice start player=0 total=4
[15:07:06.591 +299.592][GAME] gameRollDice end player=0 total=4 elapsed=0.001 pendingDiscards=0 thiefPlacement=0 thiefVictim=0
[15:07:06.594 +299.595][UI] dice animation resolved total=4 elapsed=0.006 pendingDiscards=0 thiefPlacement=0 thiefVictim=0
[15:07:27.587 +320.588][AI] decision start current=1 decision=1 difficulty=2 phase=1 rolled=0 discards=0 thiefPlacement=0 thiefVictim=0 delay=0.386
[15:07:28.987 +320.988][AI] roll animation start player=1
[15:07:28.990 +320.990][UI] dice animation start pending=4+4 total=8
[15:07:29.854 +321.854][UI] dice animation resolve total=8
[15:07:29.856 +321.856][GAME] gameRollDice start player=1 total=8
[15:07:29.858 +321.858][GAME] gameRollDice end player=1 total=8 elapsed=0.002 pendingDiscards=0 thiefPlacement=0 thiefVictim=0
[15:07:29.863 +321.864][UI] dice animation resolved total=8 elapsed=0.009 pendingDiscards=0 thiefPlacement=0 thiefVictim=0
[15:07:29.045 +322.046][AI] play phase search action=none score=-351.150 elapsed=0.179 budget=4.000 nodes=12 timedOut=0
[15:07:29.048 +322.048][AI] play phase no action elapsed=0.182
[15:07:29.049 +322.049][AI] end turn player=1
[15:07:29.055 +322.056][AI] roll animation start player=2
[15:07:29.057 +322.057][UI] dice animation start pending=3+4 total=7
[15:07:30.922 +322.922][UI] dice animation resolve total=7
[15:07:30.924 +322.925][GAME] gameRollDice start player=2 total=7
[15:07:30.928 +322.929][GAME] begin discard phase currentPlayer=2
[15:07:30.931 +322.932][GAME] discard requirement player=0 total=7 discard=3
[15:07:30.934 +322.935][GAME] discard requirement player=1 total=6 discard=0
[15:07:30.938 +322.938][GAME] discard requirement player=2 total=7 discard=3
[15:07:30.939 +322.940][GAME] discard requirement player=3 total=7 discard=3
[15:07:30.941 +322.942][GAME] gameRollDice end player=2 total=7 elapsed=0.017 pendingDiscards=1 thiefPlacement=0 thiefVictim=0
[15:07:30.945 +322.945][UI] dice animation resolved total=7 elapsed=0.023 pendingDiscards=1 thiefPlacement=0 thiefVictim=0
[15:07:33.074 +326.075][GAME] discard submitted player=0 plan=[1,0,0,2,0] thiefPlacement=0
[15:07:33.090 +326.090][AI] discard planning start player=2 required=3
[15:07:33.092 +326.093][AI] discard planning end player=2 elapsed=0.002 plan=[3,0,0,0,0]
[15:07:33.094 +326.095][AI] action execute start current=2 actor=2 type=discard tile=0 corner=0 side=0 target=2 resA=0 resB=0 discard=[3,0,0,0,0]
[15:07:33.097 +326.098][GAME] discard submitted player=2 plan=[3,0,0,0,0] thiefPlacement=0
[15:07:33.099 +326.100][AI] action execute end type=discard success=1 elapsed=0.005
[15:07:33.101 +326.102][AI] discard execute player=2 success=1 elapsed=0.007
[15:07:33.109 +326.110][AI] decision start current=2 decision=3 difficulty=2 phase=1 rolled=1 discards=1 thiefPlacement=0 thiefVictim=0 delay=0.000
[15:07:33.113 +326.113][AI] discard planning start player=3 required=3
[15:07:33.114 +326.115][AI] discard planning end player=3 elapsed=0.002 plan=[0,1,0,0,2]
[15:07:33.116 +326.117][AI] action execute start current=2 actor=3 type=discard tile=0 corner=0 side=0 target=3 resA=0 resB=0 discard=[0,1,0,0,2]
[15:07:33.120 +326.120][GAME] discard submitted player=3 plan=[0,1,0,0,2] thiefPlacement=1
[15:07:33.122 +326.122][AI] action execute end type=discard success=1 elapsed=0.006
[15:07:33.124 +326.125][AI] discard execute player=3 success=1 elapsed=0.008
[15:07:33.131 +326.132][AI] decision start current=2 decision=2 difficulty=2 phase=1 rolled=1 discards=0 thiefPlacement=1 thiefVictim=0 delay=0.000
[15:07:33.151 +326.151][GAME] move thief start player=2 tile=0
[15:07:33.153 +326.153][GAME] move thief end player=2 tile=0 elapsed=0.002 thiefVictim=1
[15:07:33.230 +326.230][GAME] move thief start player=2 tile=1
[15:07:33.231 +326.232][GAME] move thief end player=2 tile=1 elapsed=0.001 thiefVictim=1
[15:07:33.306 +326.307][GAME] move thief start player=2 tile=2
[15:07:33.307 +326.308][GAME] move thief end player=2 tile=2 elapsed=0.001 thiefVictim=1
[15:07:33.383 +326.383][GAME] move thief start player=2 tile=3
[15:07:33.384 +326.385][GAME] move thief end player=2 tile=3 elapsed=0.001 thiefVictim=1
[15:07:33.459 +326.460][GAME] move thief start player=2 tile=4
[15:07:33.461 +326.461][GAME] move thief end player=2 tile=4 elapsed=0.001 thiefVictim=1
[15:07:33.594 +326.594][GAME] move thief start player=2 tile=5
[15:07:33.595 +326.595][GAME] move thief end player=2 tile=5 elapsed=0.001 thiefVictim=1
[15:07:33.670 +326.671][GAME] move thief start player=2 tile=6
[15:07:33.671 +326.672][GAME] move thief end player=2 tile=6 elapsed=0.001 thiefVictim=0
[15:07:33.688 +326.688][GAME] move thief start player=2 tile=7
[15:07:33.689 +326.689][GAME] move thief end player=2 tile=7 elapsed=0.001 thiefVictim=1
[15:07:33.765 +326.765][GAME] move thief start player=2 tile=8
[15:07:33.766 +326.767][GAME] move thief end player=2 tile=8 elapsed=0.002 thiefVictim=1
[15:07:34.944 +326.944][GAME] move thief start player=2 tile=9
[15:07:34.946 +326.946][GAME] move thief end player=2 tile=9 elapsed=0.002 thiefVictim=1
[15:07:34.023 +327.023][GAME] move thief start player=2 tile=10
[15:07:34.025 +327.025][GAME] move thief end player=2 tile=10 elapsed=0.002 thiefVictim=1
[15:07:34.100 +327.100][GAME] move thief start player=2 tile=12
[15:07:34.101 +327.102][GAME] move thief end player=2 tile=12 elapsed=0.001 thiefVictim=1
[15:07:34.162 +327.162][GAME] move thief start player=2 tile=13
[15:07:34.163 +327.164][GAME] move thief end player=2 tile=13 elapsed=0.001 thiefVictim=1
[15:07:34.223 +327.224][GAME] move thief start player=2 tile=14
[15:07:34.225 +327.226][GAME] move thief end player=2 tile=14 elapsed=0.002 thiefVictim=1
[15:07:34.286 +327.286][GAME] move thief start player=2 tile=15
[15:07:34.287 +327.287][GAME] move thief end player=2 tile=15 elapsed=0.001 thiefVictim=1
[15:07:34.406 +327.406][GAME] move thief start player=2 tile=16
[15:07:34.408 +327.409][GAME] move thief end player=2 tile=16 elapsed=0.002 thiefVictim=0
[15:07:34.426 +327.427][GAME] move thief start player=2 tile=17
[15:07:34.427 +327.428][GAME] move thief end player=2 tile=17 elapsed=0.001 thiefVictim=1
[15:07:34.504 +327.504][GAME] move thief start player=2 tile=18
[15:07:34.505 +327.505][GAME] move thief end player=2 tile=18 elapsed=0.001 thiefVictim=1
[15:07:34.624 +327.624][AI] thief move planning end player=2 tile=7 elapsed=1.488
[15:07:34.626 +327.626][AI] action execute start current=2 actor=0 type=move_thief tile=7 corner=0 side=0 target=0 resA=0 resB=0 discard=[0,0,0,0,0]
[15:07:34.628 +327.629][GAME] move thief start player=2 tile=7
[15:07:34.630 +327.630][GAME] move thief end player=2 tile=7 elapsed=0.001 thiefVictim=1
[15:07:34.631 +327.632][AI] action execute end type=move_thief success=1 elapsed=0.005
[15:07:34.633 +327.634][AI] thief move execute player=2 tile=7 success=1 elapsed=0.008
[15:07:34.717 +327.717][AI] thief victim planning end player=2 victim=0 elapsed=0.075
[15:07:34.719 +327.719][AI] action execute start current=2 actor=0 type=choose_thief_victim tile=0 corner=0 side=0 target=0 resA=0 resB=0 discard=[0,0,0,0,0]
[15:07:34.722 +327.723][GAME] steal resource player=2 victim=0 resource=2
[15:07:34.724 +327.724][AI] action execute end type=choose_thief_victim success=1 elapsed=0.005
[15:07:34.726 +327.727][AI] thief victim execute player=2 victim=0 success=1 elapsed=0.007
[15:07:35.488 +328.488][AI] play phase search action=none score=-446.982 elapsed=0.104 budget=4.000 nodes=7 timedOut=0
[15:07:35.490 +328.490][AI] play phase no action elapsed=0.107
[15:07:35.491 +328.492][AI] end turn player=2
[15:07:35.498 +328.498][AI] roll animation start player=3
[15:07:35.499 +328.499][UI] dice animation start pending=3+3 total=6
[15:07:36.365 +329.366][UI] dice animation resolve total=6
[15:07:36.367 +329.367][GAME] gameRollDice start player=3 total=6
[15:07:36.369 +329.369][GAME] gameRollDice end player=3 total=6 elapsed=0.002 pendingDiscards=0 thiefPlacement=0 thiefVictim=0
[15:07:36.372 +329.372][UI] dice animation resolved total=6 elapsed=0.007 pendingDiscards=0 thiefPlacement=0 thiefVictim=0
[15:07:36.390 +329.390][AI] play phase search action=none score=23.493 elapsed=0.015 budget=4.000 nodes=1 timedOut=0
[15:07:36.393 +329.393][AI] play phase no action elapsed=0.018
[15:07:36.394 +329.395][AI] end turn player=3
[15:07:37.135 +330.135][UI] dice animation start pending=4+4 total=8
[15:07:38.985 +330.985][UI] dice animation resolve total=8
[15:07:38.986 +330.986][GAME] gameRollDice start player=0 total=8
[15:07:38.987 +330.988][GAME] gameRollDice end player=0 total=8 elapsed=0.001 pendingDiscards=0 thiefPlacement=0 thiefVictim=0
[15:07:38.990 +330.990][UI] dice animation resolved total=8 elapsed=0.005 pendingDiscards=0 thiefPlacement=0 thiefVictim=0
[15:07:39.385 +332.386][AI] decision start current=1 decision=1 difficulty=2 phase=1 rolled=0 discards=0 thiefPlacement=0 thiefVictim=0 delay=0.386
[15:07:39.785 +332.786][AI] roll animation start player=1
[15:07:39.788 +332.788][UI] dice animation start pending=3+3 total=6
[15:07:40.653 +333.653][UI] dice animation resolve total=6
[15:07:40.654 +333.655][GAME] gameRollDice start player=1 total=6
[15:07:40.656 +333.656][GAME] gameRollDice end player=1 total=6 elapsed=0.002 pendingDiscards=0 thiefPlacement=0 thiefVictim=0
[15:07:40.660 +333.660][UI] dice animation resolved total=6 elapsed=0.007 pendingDiscards=0 thiefPlacement=0 thiefVictim=0
[15:07:41.841 +333.841][AI] play phase search action=none score=-153.159 elapsed=0.180 budget=4.000 nodes=12 timedOut=0
[15:07:41.843 +333.844][AI] play phase no action elapsed=0.182
[15:07:41.844 +333.845][AI] end turn player=1
[15:07:41.850 +333.851][AI] roll animation start player=2
[15:07:41.852 +333.853][UI] dice animation start pending=5+5 total=10
[15:07:41.717 +334.717][UI] dice animation resolve total=10
[15:07:41.718 +334.719][GAME] gameRollDice start player=2 total=10
[15:07:41.720 +334.720][GAME] gameRollDice end player=2 total=10 elapsed=0.002 pendingDiscards=0 thiefPlacement=0 thiefVictim=0
[15:07:41.723 +334.724][UI] dice animation resolved total=10 elapsed=0.007 pendingDiscards=0 thiefPlacement=0 thiefVictim=0
[15:07:43.669 +336.670][AI] play phase search action=maritime_trade score=-360.532 elapsed=1.942 budget=4.000 nodes=129 timedOut=0
[15:07:43.671 +336.672][AI] play phase decision current=2 actor=0 type=maritime_trade tile=0 corner=0 side=0 target=0 resA=1 resB=3 discard=[0,0,0,0,0]
[15:07:43.674 +336.675][AI] action execute start current=2 actor=0 type=maritime_trade tile=0 corner=0 side=0 target=0 resA=1 resB=3 discard=[0,0,0,0,0]
[15:07:43.678 +336.679][AI] action execute end type=maritime_trade success=1 elapsed=0.004
[15:07:43.680 +336.680][AI] play phase elapsed=1.953
[15:07:44.443 +337.443][AI] play phase search action=none score=-408.532 elapsed=0.106 budget=4.000 nodes=7 timedOut=0
[15:07:44.446 +337.446][AI] play phase no action elapsed=0.109
[15:07:44.447 +337.447][AI] end turn player=2
[15:07:44.454 +337.454][AI] roll animation start player=3
[15:07:44.455 +337.456][UI] dice animation start pending=3+4 total=7
[15:07:45.320 +338.321][UI] dice animation resolve total=7
[15:07:45.322 +338.323][GAME] gameRollDice start player=3 total=7
[15:07:45.324 +338.325][GAME] begin discard phase currentPlayer=3
[15:07:45.329 +338.330][GAME] discard requirement player=0 total=6 discard=0
[15:07:45.333 +338.334][GAME] discard requirement player=1 total=8 discard=4
[15:07:45.335 +338.335][GAME] discard requirement player=2 total=5 discard=0
[15:07:45.337 +338.337][GAME] discard requirement player=3 total=6 discard=0
[15:07:45.338 +338.339][GAME] gameRollDice end player=3 total=7 elapsed=0.016 pendingDiscards=1 thiefPlacement=0 thiefVictim=0
[15:07:45.341 +338.342][UI] dice animation resolved total=7 elapsed=0.021 pendingDiscards=1 thiefPlacement=0 thiefVictim=0
[15:07:45.344 +338.344][AI] decision start current=3 decision=1 difficulty=2 phase=1 rolled=1 discards=1 thiefPlacement=0 thiefVictim=0 delay=0.000
[15:07:45.348 +338.349][AI] discard planning start player=1 required=4
[15:07:45.350 +338.351][AI] discard planning end player=1 elapsed=0.002 plan=[1,1,1,1,0]
[15:07:45.352 +338.353][AI] action execute start current=3 actor=1 type=discard tile=0 corner=0 side=0 target=1 resA=0 resB=0 discard=[1,1,1,1,0]
[15:07:45.356 +338.356][GAME] discard submitted player=1 plan=[1,1,1,1,0] thiefPlacement=1
[15:07:45.358 +338.358][AI] action execute end type=discard success=1 elapsed=0.005
[15:07:45.359 +338.360][AI] discard execute player=1 success=1 elapsed=0.007
[15:07:45.367 +338.368][AI] decision start current=3 decision=3 difficulty=2 phase=1 rolled=1 discards=0 thiefPlacement=1 thiefVictim=0 delay=0.000
[15:07:45.385 +338.386][GAME] move thief start player=3 tile=0
[15:07:45.387 +338.387][GAME] move thief end player=3 tile=0 elapsed=0.002 thiefVictim=1
[15:07:45.448 +338.448][GAME] move thief start player=3 tile=1
[15:07:45.449 +338.450][GAME] move thief end player=3 tile=1 elapsed=0.002 thiefVictim=1
[15:07:45.510 +338.510][GAME] move thief start player=3 tile=2
[15:07:45.511 +338.512][GAME] move thief end player=3 tile=2 elapsed=0.002 thiefVictim=1
[15:07:45.573 +338.573][GAME] move thief start player=3 tile=3
[15:07:45.574 +338.574][GAME] move thief end player=3 tile=3 elapsed=0.001 thiefVictim=1
[15:07:45.635 +338.635][GAME] move thief start player=3 tile=4
[15:07:45.636 +338.637][GAME] move thief end player=3 tile=4 elapsed=0.001 thiefVictim=1
[15:07:45.755 +338.756][GAME] move thief start player=3 tile=5
[15:07:45.756 +338.757][GAME] move thief end player=3 tile=5 elapsed=0.001 thiefVictim=1
[15:07:46.875 +338.876][GAME] move thief start player=3 tile=6
[15:07:46.876 +338.877][GAME] move thief end player=3 tile=6 elapsed=0.001 thiefVictim=1
[15:07:46.951 +338.952][GAME] move thief start player=3 tile=8
[15:07:46.953 +338.954][GAME] move thief end player=3 tile=8 elapsed=0.002 thiefVictim=1
[15:07:46.074 +339.074][GAME] move thief start player=3 tile=9
[15:07:46.075 +339.076][GAME] move thief end player=3 tile=9 elapsed=0.002 thiefVictim=1
[15:07:46.211 +339.211][GAME] move thief start player=3 tile=10
[15:07:46.212 +339.213][GAME] move thief end player=3 tile=10 elapsed=0.001 thiefVictim=1
[15:07:46.331 +339.331][GAME] move thief start player=3 tile=11
[15:07:46.332 +339.333][GAME] move thief end player=3 tile=11 elapsed=0.001 thiefVictim=1
[15:07:46.393 +339.393][GAME] move thief start player=3 tile=12
[15:07:46.394 +339.395][GAME] move thief end player=3 tile=12 elapsed=0.001 thiefVictim=0
[15:07:46.410 +339.411][GAME] move thief start player=3 tile=13
[15:07:46.412 +339.412][GAME] move thief end player=3 tile=13 elapsed=0.001 thiefVictim=0
[15:07:46.428 +339.429][GAME] move thief start player=3 tile=14
[15:07:46.430 +339.430][GAME] move thief end player=3 tile=14 elapsed=0.001 thiefVictim=1
[15:07:46.505 +339.506][GAME] move thief start player=3 tile=15
[15:07:46.507 +339.507][GAME] move thief end player=3 tile=15 elapsed=0.001 thiefVictim=1
[15:07:46.567 +339.567][GAME] move thief start player=3 tile=16
[15:07:46.568 +339.569][GAME] move thief end player=3 tile=16 elapsed=0.002 thiefVictim=0
[15:07:46.585 +339.586][GAME] move thief start player=3 tile=17
[15:07:46.587 +339.587][GAME] move thief end player=3 tile=17 elapsed=0.002 thiefVictim=1
[15:07:46.662 +339.662][GAME] move thief start player=3 tile=18
[15:07:46.663 +339.663][GAME] move thief end player=3 tile=18 elapsed=0.001 thiefVictim=1
[15:07:46.738 +339.738][AI] thief move planning end player=3 tile=2 elapsed=1.367
[15:07:46.739 +339.740][AI] action execute start current=3 actor=0 type=move_thief tile=2 corner=0 side=0 target=0 resA=0 resB=0 discard=[0,0,0,0,0]
[15:07:46.742 +339.742][GAME] move thief start player=3 tile=2
[15:07:46.743 +339.744][GAME] move thief end player=3 tile=2 elapsed=0.001 thiefVictim=1
[15:07:46.745 +339.745][AI] action execute end type=move_thief success=1 elapsed=0.005
[15:07:46.746 +339.747][AI] thief move execute player=3 tile=2 success=1 elapsed=0.007
[15:07:46.813 +339.813][AI] thief victim planning end player=3 victim=0 elapsed=0.059
[15:07:46.814 +339.815][AI] action execute start current=3 actor=0 type=choose_thief_victim tile=0 corner=0 side=0 target=0 resA=0 resB=0 discard=[0,0,0,0,0]
[15:07:46.817 +339.818][GAME] steal resource player=3 victim=0 resource=1
[15:07:46.819 +339.819][AI] action execute end type=choose_thief_victim success=1 elapsed=0.004
[15:07:46.821 +339.821][AI] thief victim execute player=3 victim=0 success=1 elapsed=0.006
[15:07:47.676 +340.676][AI] play phase search action=none score=15.327 elapsed=0.197 budget=4.000 nodes=13 timedOut=0
[15:07:47.678 +340.679][AI] play phase no action elapsed=0.199
[15:07:47.679 +340.680][AI] end turn player=3
[15:07:48.336 +341.336][UI] dice animation start pending=1+2 total=3
[15:07:49.202 +342.203][UI] dice animation resolve total=3
[15:07:49.203 +342.204][GAME] gameRollDice start player=0 total=3
[15:07:49.204 +342.205][GAME] gameRollDice end player=0 total=3 elapsed=0.001 pendingDiscards=0 thiefPlacement=0 thiefVictim=0
[15:07:49.208 +342.209][UI] dice animation resolved total=3 elapsed=0.006 pendingDiscards=0 thiefPlacement=0 thiefVictim=0
[15:07:50.286 +343.287][AI] decision start current=1 decision=1 difficulty=2 phase=1 rolled=0 discards=0 thiefPlacement=0 thiefVictim=0 delay=0.386
[15:07:50.686 +343.687][AI] roll animation start player=1
[15:07:50.688 +343.688][UI] dice animation start pending=4+4 total=8
[15:07:51.553 +344.553][UI] dice animation resolve total=8
[15:07:51.555 +344.556][GAME] gameRollDice start player=1 total=8
[15:07:51.557 +344.557][GAME] gameRollDice end player=1 total=8 elapsed=0.002 pendingDiscards=0 thiefPlacement=0 thiefVictim=0
[15:07:51.562 +344.562][UI] dice animation resolved total=8 elapsed=0.009 pendingDiscards=0 thiefPlacement=0 thiefVictim=0
[15:07:51.675 +344.675][AI] play phase search action=none score=-272.428 elapsed=0.108 budget=4.000 nodes=7 timedOut=0
[15:07:51.677 +344.678][AI] play phase no action elapsed=0.111
[15:07:51.679 +344.679][AI] end turn player=1
[15:07:51.686 +344.686][AI] roll animation start player=2
[15:07:51.687 +344.688][UI] dice animation start pending=4+5 total=9
[15:07:52.553 +345.553][UI] dice animation resolve total=9
[15:07:52.555 +345.555][GAME] gameRollDice start player=2 total=9
[15:07:52.556 +345.557][GAME] gameRollDice end player=2 total=9 elapsed=0.002 pendingDiscards=0 thiefPlacement=0 thiefVictim=0
[15:07:52.562 +345.562][UI] dice animation resolved total=9 elapsed=0.009 pendingDiscards=0 thiefPlacement=0 thiefVictim=0
[15:07:52.749 +345.749][AI] play phase search action=none score=-611.819 elapsed=0.183 budget=4.000 nodes=12 timedOut=0
[15:07:52.751 +345.752][AI] play phase no action elapsed=0.185
[15:07:52.752 +345.753][AI] end turn player=2
[15:07:52.759 +345.759][AI] roll animation start player=3
[15:07:52.761 +345.761][UI] dice animation start pending=2+3 total=5
[15:07:53.625 +346.626][UI] dice animation resolve total=5
[15:07:53.627 +346.627][GAME] gameRollDice start player=3 total=5
[15:07:53.629 +346.629][GAME] gameRollDice end player=3 total=5 elapsed=0.002 pendingDiscards=0 thiefPlacement=0 thiefVictim=0
[15:07:53.634 +346.634][UI] dice animation resolved total=5 elapsed=0.009 pendingDiscards=0 thiefPlacement=0 thiefVictim=0
[15:07:57.652 +350.653][AI] play phase search action=maritime_trade score=67.565 elapsed=4.014 budget=4.000 nodes=264 timedOut=1
[15:07:57.656 +350.657][AI] play phase decision current=3 actor=0 type=maritime_trade tile=0 corner=0 side=0 target=0 resA=1 resB=2 discard=[0,0,0,0,0]
[15:07:57.663 +350.663][AI] action execute start current=3 actor=0 type=maritime_trade tile=0 corner=0 side=0 target=0 resA=1 resB=2 discard=[0,0,0,0,0]
[15:07:57.666 +350.667][AI] action execute end type=maritime_trade success=1 elapsed=0.003
[15:07:57.668 +350.669][AI] play phase elapsed=4.030
[15:08:01.521 +354.522][AI] play phase search action=maritime_trade score=37.565 elapsed=3.196 budget=4.000 nodes=209 timedOut=0
[15:08:01.525 +354.526][AI] play phase decision current=3 actor=0 type=maritime_trade tile=0 corner=0 side=0 target=0 resA=4 resB=3 discard=[0,0,0,0,0]
[15:08:01.534 +354.534][AI] action execute start current=3 actor=0 type=maritime_trade tile=0 corner=0 side=0 target=0 resA=4 resB=3 discard=[0,0,0,0,0]
[15:08:01.537 +354.538][AI] action execute end type=maritime_trade success=1 elapsed=0.003
[15:08:01.539 +354.540][AI] play phase elapsed=3.213
[15:08:02.559 +355.559][AI] play phase search action=none score=-10.435 elapsed=0.363 budget=4.000 nodes=24 timedOut=0
[15:08:02.562 +355.562][AI] play phase no action elapsed=0.366
[15:08:02.563 +355.564][AI] end turn player=3
[15:08:04.257 +357.257][UI] dice animation start pending=2+2 total=4
[15:08:05.123 +358.123][UI] dice animation resolve total=4
[15:08:05.124 +358.125][GAME] gameRollDice start player=0 total=4
[15:08:05.126 +358.127][GAME] gameRollDice end player=0 total=4 elapsed=0.002 pendingDiscards=0 thiefPlacement=0 thiefVictim=0
[15:08:05.130 +358.130][UI] dice animation resolved total=4 elapsed=0.007 pendingDiscards=0 thiefPlacement=0 thiefVictim=0
[15:08:12.674 +365.674][RENDER] settlement preview invalid tile=14 corner=2 player=0 reason=settlement limit reached validPreviewCount=0
[15:08:12.690 +365.690][RENDER] settlement preview invalid tile=13 corner=1 player=0 reason=settlement limit reached validPreviewCount=0
[15:08:12.740 +365.740][RENDER] settlement preview invalid tile=8 corner=2 player=0 reason=settlement limit reached validPreviewCount=0
[15:08:13.857 +365.857][RENDER] settlement preview invalid tile=13 corner=1 player=0 reason=settlement limit reached validPreviewCount=0
[15:08:13.874 +365.875][RENDER] settlement preview invalid tile=14 corner=2 player=0 reason=settlement limit reached validPreviewCount=0
[15:08:35.767 +388.767][RENDER] settlement preview invalid tile=15 corner=2 player=0 reason=settlement limit reached validPreviewCount=0
[15:08:36.900 +388.901][RENDER] settlement preview invalid tile=10 corner=2 player=0 reason=settlement limit reached validPreviewCount=0
[15:08:36.050 +389.051][RENDER] settlement preview invalid tile=9 corner=1 player=0 reason=settlement limit reached validPreviewCount=0
[15:08:36.601 +389.602][RENDER] settlement preview invalid tile=5 corner=1 player=0 reason=settlement limit reached validPreviewCount=0
[15:08:37.852 +389.852][RENDER] settlement preview invalid tile=4 corner=1 player=0 reason=settlement limit reached validPreviewCount=0
[15:08:37.036 +390.036][RENDER] settlement preview invalid tile=4 corner=2 player=0 reason=settlement limit reached validPreviewCount=0
[15:08:37.354 +390.354][RENDER] settlement preview invalid tile=9 corner=1 player=0 reason=settlement limit reached validPreviewCount=0
[15:08:37.454 +390.454][RENDER] settlement preview invalid tile=14 corner=1 player=0 reason=settlement limit reached validPreviewCount=0
[15:08:38.174 +391.174][RENDER] settlement preview invalid tile=14 corner=2 player=0 reason=settlement limit reached validPreviewCount=0
[15:08:38.257 +391.258][RENDER] settlement preview invalid tile=17 corner=1 player=0 reason=settlement limit reached validPreviewCount=0
[15:08:38.659 +391.660][RENDER] settlement preview invalid tile=13 corner=1 player=0 reason=settlement limit reached validPreviewCount=0
[15:08:39.978 +391.978][RENDER] settlement preview invalid tile=3 corner=2 player=0 reason=settlement limit reached validPreviewCount=0
[15:08:39.078 +392.079][RENDER] settlement preview invalid tile=3 corner=1 player=0 reason=settlement limit reached validPreviewCount=0
[15:08:39.546 +392.546][RENDER] settlement preview invalid tile=4 corner=1 player=0 reason=settlement limit reached validPreviewCount=0
[15:08:40.880 +392.880][RENDER] settlement preview invalid tile=5 corner=2 player=0 reason=settlement limit reached validPreviewCount=0
[15:08:40.097 +393.098][RENDER] settlement preview invalid tile=11 corner=1 player=0 reason=settlement limit reached validPreviewCount=0
[15:10:44.291 +517.291][GAME] move thief start player=0 tile=13
[15:10:44.293 +517.293][GAME] move thief end player=0 tile=13 elapsed=0.002 thiefVictim=1
[15:10:44.641 +517.642][GAME] steal resource player=0 victim=3 resource=4
[15:10:58.819 +531.819][AI] decision start current=1 decision=1 difficulty=2 phase=1 rolled=0 discards=0 thiefPlacement=0 thiefVictim=0 delay=0.386
[15:10:59.219 +532.219][AI] roll animation start player=1
[15:10:59.220 +532.221][UI] dice animation start pending=3+3 total=6
[15:11:00.087 +533.087][UI] dice animation resolve total=6
[15:11:00.088 +533.089][GAME] gameRollDice start player=1 total=6
[15:11:00.090 +533.090][GAME] gameRollDice end player=1 total=6 elapsed=0.002 pendingDiscards=0 thiefPlacement=0 thiefVictim=0
[15:11:00.092 +533.093][UI] dice animation resolved total=6 elapsed=0.006 pendingDiscards=0 thiefPlacement=0 thiefVictim=0
[15:11:00.203 +533.203][AI] play phase search action=none score=-447.899 elapsed=0.107 budget=4.000 nodes=7 timedOut=0
[15:11:00.205 +533.206][AI] play phase no action elapsed=0.110
[15:11:00.207 +533.207][AI] end turn player=1
[15:11:00.213 +533.214][AI] roll animation start player=2
[15:11:00.215 +533.215][UI] dice animation start pending=6+6 total=12
[15:11:01.081 +534.082][UI] dice animation resolve total=12
[15:11:01.082 +534.083][GAME] gameRollDice start player=2 total=12
[15:11:01.085 +534.085][GAME] gameRollDice end player=2 total=12 elapsed=0.002 pendingDiscards=0 thiefPlacement=0 thiefVictim=0
[15:11:01.087 +534.088][UI] dice animation resolved total=12 elapsed=0.006 pendingDiscards=0 thiefPlacement=0 thiefVictim=0
[15:11:01.426 +534.426][AI] play phase search action=none score=-425.452 elapsed=0.335 budget=4.000 nodes=22 timedOut=0
[15:11:01.428 +534.429][AI] play phase no action elapsed=0.338
[15:11:01.429 +534.430][AI] end turn player=2
[15:11:01.436 +534.436][AI] roll animation start player=3
[15:11:01.437 +534.438][UI] dice animation start pending=3+4 total=7
[15:11:02.288 +535.289][UI] dice animation resolve total=7
[15:11:02.290 +535.290][GAME] gameRollDice start player=3 total=7
[15:11:02.292 +535.292][GAME] begin discard phase currentPlayer=3
[15:11:02.294 +535.294][GAME] discard requirement player=0 total=7 discard=3
[15:11:02.295 +535.296][GAME] discard requirement player=1 total=5 discard=0
[15:11:02.297 +535.298][GAME] discard requirement player=2 total=10 discard=5
[15:11:02.300 +535.300][GAME] discard requirement player=3 total=7 discard=3
[15:11:02.302 +535.303][GAME] gameRollDice end player=3 total=7 elapsed=0.012 pendingDiscards=1 thiefPlacement=0 thiefVictim=0
[15:11:02.306 +535.306][UI] dice animation resolved total=7 elapsed=0.017 pendingDiscards=1 thiefPlacement=0 thiefVictim=0
[15:11:06.903 +538.903][GAME] discard submitted player=0 plan=[0,0,0,2,1] thiefPlacement=0
[15:11:06.919 +538.920][AI] decision start current=3 decision=2 difficulty=2 phase=1 rolled=1 discards=1 thiefPlacement=0 thiefVictim=0 delay=0.000
[15:11:06.924 +538.924][AI] discard planning start player=2 required=5
[15:11:06.926 +538.926][AI] discard planning end player=2 elapsed=0.002 plan=[3,0,0,2,0]
[15:11:06.928 +538.928][AI] action execute start current=3 actor=2 type=discard tile=0 corner=0 side=0 target=2 resA=0 resB=0 discard=[3,0,0,2,0]
[15:11:06.931 +538.932][GAME] discard submitted player=2 plan=[3,0,0,2,0] thiefPlacement=0
[15:11:06.933 +538.934][AI] action execute end type=discard success=1 elapsed=0.005
[15:11:06.935 +538.935][AI] discard execute player=2 success=1 elapsed=0.007
[15:11:06.942 +538.943][AI] decision start current=3 decision=3 difficulty=2 phase=1 rolled=1 discards=1 thiefPlacement=0 thiefVictim=0 delay=0.000
[15:11:06.946 +538.946][AI] discard planning start player=3 required=3
[15:11:06.948 +538.949][AI] discard planning end player=3 elapsed=0.002 plan=[1,0,0,0,2]
[15:11:06.950 +538.951][AI] action execute start current=3 actor=3 type=discard tile=0 corner=0 side=0 target=3 resA=0 resB=0 discard=[1,0,0,0,2]
[15:11:06.953 +538.954][GAME] discard submitted player=3 plan=[1,0,0,0,2] thiefPlacement=1
[15:11:06.956 +538.957][AI] action execute end type=discard success=1 elapsed=0.006
[15:11:06.958 +538.959][AI] discard execute player=3 success=1 elapsed=0.008
[15:11:06.982 +538.982][GAME] move thief start player=3 tile=0
[15:11:06.984 +538.984][GAME] move thief end player=3 tile=0 elapsed=0.002 thiefVictim=1
[15:11:06.046 +539.047][GAME] move thief start player=3 tile=1
[15:11:06.048 +539.048][GAME] move thief end player=3 tile=1 elapsed=0.002 thiefVictim=1
[15:11:06.109 +539.110][GAME] move thief start player=3 tile=2
[15:11:06.111 +539.111][GAME] move thief end player=3 tile=2 elapsed=0.002 thiefVictim=1
[15:11:06.173 +539.174][GAME] move thief start player=3 tile=3
[15:11:06.175 +539.175][GAME] move thief end player=3 tile=3 elapsed=0.002 thiefVictim=1
[15:11:06.236 +539.236][GAME] move thief start player=3 tile=4
[15:11:06.237 +539.238][GAME] move thief end player=3 tile=4 elapsed=0.002 thiefVictim=1
[15:11:06.361 +539.362][GAME] move thief start player=3 tile=5
[15:11:06.363 +539.363][GAME] move thief end player=3 tile=5 elapsed=0.002 thiefVictim=1
[15:11:06.485 +539.485][GAME] move thief start player=3 tile=6
[15:11:06.486 +539.487][GAME] move thief end player=3 tile=6 elapsed=0.002 thiefVictim=1
[15:11:06.565 +539.565][GAME] move thief start player=3 tile=7
[15:11:06.566 +539.567][GAME] move thief end player=3 tile=7 elapsed=0.001 thiefVictim=1
[15:11:06.627 +539.628][GAME] move thief start player=3 tile=8
[15:11:06.629 +539.629][GAME] move thief end player=3 tile=8 elapsed=0.002 thiefVictim=1
[15:11:06.750 +539.750][GAME] move thief start player=3 tile=9
[15:11:06.751 +539.752][GAME] move thief end player=3 tile=9 elapsed=0.002 thiefVictim=1
[15:11:07.887 +539.887][GAME] move thief start player=3 tile=10
[15:11:07.888 +539.889][GAME] move thief end player=3 tile=10 elapsed=0.001 thiefVictim=1
[15:11:07.010 +540.011][GAME] move thief start player=3 tile=11
[15:11:07.012 +540.012][GAME] move thief end player=3 tile=11 elapsed=0.002 thiefVictim=1
[15:11:07.074 +540.075][GAME] move thief start player=3 tile=12
[15:11:07.076 +540.076][GAME] move thief end player=3 tile=12 elapsed=0.002 thiefVictim=0
[15:11:07.093 +540.093][GAME] move thief start player=3 tile=14
[15:11:07.094 +540.095][GAME] move thief end player=3 tile=14 elapsed=0.001 thiefVictim=1
[15:11:07.174 +540.174][GAME] move thief start player=3 tile=15
[15:11:07.175 +540.176][GAME] move thief end player=3 tile=15 elapsed=0.002 thiefVictim=1
[15:11:07.239 +540.239][GAME] move thief start player=3 tile=16
[15:11:07.241 +540.242][GAME] move thief end player=3 tile=16 elapsed=0.003 thiefVictim=0
[15:11:07.258 +540.259][GAME] move thief start player=3 tile=17
[15:11:07.260 +540.260][GAME] move thief end player=3 tile=17 elapsed=0.001 thiefVictim=1
[15:11:07.335 +540.336][GAME] move thief start player=3 tile=18
[15:11:07.337 +540.337][GAME] move thief end player=3 tile=18 elapsed=0.002 thiefVictim=1
[15:11:07.413 +540.414][AI] thief move planning end player=3 tile=7 elapsed=1.447
[15:11:07.415 +540.416][AI] action execute start current=3 actor=0 type=move_thief tile=7 corner=0 side=0 target=0 resA=0 resB=0 discard=[0,0,0,0,0]
[15:11:07.419 +540.419][GAME] move thief start player=3 tile=7
[15:11:07.420 +540.420][GAME] move thief end player=3 tile=7 elapsed=0.001 thiefVictim=1
[15:11:07.422 +540.423][AI] action execute end type=move_thief success=1 elapsed=0.007
[15:11:07.425 +540.425][AI] thief move execute player=3 tile=7 success=1 elapsed=0.009
[15:11:07.492 +540.492][AI] thief victim planning end player=3 victim=0 elapsed=0.060
[15:11:07.493 +540.494][AI] action execute start current=3 actor=0 type=choose_thief_victim tile=0 corner=0 side=0 target=0 resA=0 resB=0 discard=[0,0,0,0,0]
[15:11:07.496 +540.497][GAME] steal resource player=3 victim=0 resource=0
[15:11:07.498 +540.498][AI] action execute end type=choose_thief_victim success=1 elapsed=0.004
[15:11:07.499 +540.500][AI] thief victim execute player=3 victim=0 success=1 elapsed=0.006
[15:11:08.296 +541.296][AI] play phase search action=none score=119.408 elapsed=0.138 budget=4.000 nodes=9 timedOut=0
[15:11:08.299 +541.299][AI] play phase no action elapsed=0.141
[15:11:08.300 +541.301][AI] end turn player=3
[15:11:09.725 +542.726][UI] dice animation start pending=1+2 total=3
[15:11:10.592 +543.592][UI] dice animation resolve total=3
[15:11:10.593 +543.594][GAME] gameRollDice start player=0 total=3
[15:11:10.595 +543.596][GAME] gameRollDice end player=0 total=3 elapsed=0.002 pendingDiscards=0 thiefPlacement=0 thiefVictim=0
[15:11:10.598 +543.598][UI] dice animation resolved total=3 elapsed=0.006 pendingDiscards=0 thiefPlacement=0 thiefVictim=0
[15:11:20.384 +553.384][AI] decision start current=1 decision=1 difficulty=2 phase=1 rolled=0 discards=0 thiefPlacement=0 thiefVictim=0 delay=0.386
[15:11:20.784 +553.784][AI] roll animation start player=1
[15:11:20.785 +553.786][UI] dice animation start pending=4+4 total=8
[15:11:21.651 +554.652][UI] dice animation resolve total=8
[15:11:21.653 +554.653][GAME] gameRollDice start player=1 total=8
[15:11:21.654 +554.655][GAME] gameRollDice end player=1 total=8 elapsed=0.001 pendingDiscards=0 thiefPlacement=0 thiefVictim=0
[15:11:21.657 +554.658][UI] dice animation resolved total=8 elapsed=0.006 pendingDiscards=0 thiefPlacement=0 thiefVictim=0
[15:11:21.767 +554.768][AI] play phase search action=none score=-165.917 elapsed=0.107 budget=4.000 nodes=7 timedOut=0
[15:11:21.770 +554.771][AI] play phase no action elapsed=0.110
[15:11:21.772 +554.772][AI] end turn player=1
[15:11:21.778 +554.779][AI] roll animation start player=2
[15:11:21.780 +554.780][UI] dice animation start pending=4+4 total=8
[15:11:22.645 +555.645][UI] dice animation resolve total=8
[15:11:22.646 +555.647][GAME] gameRollDice start player=2 total=8
[15:11:22.648 +555.648][GAME] gameRollDice end player=2 total=8 elapsed=0.001 pendingDiscards=0 thiefPlacement=0 thiefVictim=0
[15:11:22.651 +555.651][UI] dice animation resolved total=8 elapsed=0.006 pendingDiscards=0 thiefPlacement=0 thiefVictim=0
[15:11:23.838 +555.839][AI] play phase search action=none score=-394.495 elapsed=0.183 budget=4.000 nodes=12 timedOut=0
[15:11:23.841 +555.841][AI] play phase no action elapsed=0.186
[15:11:23.842 +555.843][AI] end turn player=2
[15:11:23.849 +555.849][AI] roll animation start player=3
[15:11:23.850 +555.850][UI] dice animation start pending=6+6 total=12
[15:11:23.715 +556.716][UI] dice animation resolve total=12
[15:11:23.717 +556.717][GAME] gameRollDice start player=3 total=12
[15:11:23.718 +556.719][GAME] gameRollDice end player=3 total=12 elapsed=0.002 pendingDiscards=0 thiefPlacement=0 thiefVictim=0
[15:11:23.721 +556.722][UI] dice animation resolved total=12 elapsed=0.006 pendingDiscards=0 thiefPlacement=0 thiefVictim=0
[15:11:27.727 +560.728][AI] play phase search action=none score=240.682 elapsed=4.003 budget=4.000 nodes=262 timedOut=1
[15:11:27.730 +560.731][AI] play phase no action elapsed=4.006
[15:11:27.732 +560.732][AI] end turn player=3
[15:11:28.524 +561.524][UI] dice animation start pending=4+4 total=8
[15:11:29.390 +562.390][UI] dice animation resolve total=8
[15:11:29.392 +562.392][GAME] gameRollDice start player=0 total=8
[15:11:29.393 +562.394][GAME] gameRollDice end player=0 total=8 elapsed=0.002 pendingDiscards=0 thiefPlacement=0 thiefVictim=0
[15:11:29.396 +562.397][UI] dice animation resolved total=8 elapsed=0.006 pendingDiscards=0 thiefPlacement=0 thiefVictim=0
[15:11:34.865 +566.866][AI] decision start current=1 decision=1 difficulty=2 phase=1 rolled=0 discards=0 thiefPlacement=0 thiefVictim=0 delay=0.386
[15:11:34.266 +567.266][AI] roll animation start player=1
[15:11:34.266 +567.267][UI] dice animation start pending=1+2 total=3
[15:11:35.132 +568.132][UI] dice animation resolve total=3
[15:11:35.134 +568.134][GAME] gameRollDice start player=1 total=3
[15:11:35.135 +568.136][GAME] gameRollDice end player=1 total=3 elapsed=0.001 pendingDiscards=0 thiefPlacement=0 thiefVictim=0
[15:11:35.138 +568.138][UI] dice animation resolved total=3 elapsed=0.006 pendingDiscards=0 thiefPlacement=0 thiefVictim=0
[15:11:35.248 +568.248][AI] play phase search action=none score=-189.091 elapsed=0.107 budget=4.000 nodes=7 timedOut=0
[15:11:35.251 +568.251][AI] play phase no action elapsed=0.110
[15:11:35.252 +568.253][AI] end turn player=1
[15:11:35.258 +568.259][AI] roll animation start player=2
[15:11:35.260 +568.260][UI] dice animation start pending=3+3 total=6
[15:11:36.125 +569.126][UI] dice animation resolve total=6
[15:11:36.127 +569.127][GAME] gameRollDice start player=2 total=6
[15:11:36.128 +569.129][GAME] gameRollDice end player=2 total=6 elapsed=0.002 pendingDiscards=0 thiefPlacement=0 thiefVictim=0
[15:11:36.131 +569.132][UI] dice animation resolved total=6 elapsed=0.006 pendingDiscards=0 thiefPlacement=0 thiefVictim=0
[15:11:40.137 +573.137][AI] play phase search action=none score=-400.125 elapsed=4.002 budget=4.000 nodes=262 timedOut=1
[15:11:40.139 +573.140][AI] play phase no action elapsed=4.005
[15:11:40.140 +573.141][AI] end turn player=2
[15:11:40.147 +573.147][AI] roll animation start player=3
[15:11:40.149 +573.150][UI] dice animation start pending=2+3 total=5
[15:11:41.013 +574.014][UI] dice animation resolve total=5
[15:11:41.015 +574.015][GAME] gameRollDice start player=3 total=5
[15:11:41.016 +574.017][GAME] gameRollDice end player=3 total=5 elapsed=0.002 pendingDiscards=0 thiefPlacement=0 thiefVictim=0
[15:11:41.020 +574.020][UI] dice animation resolved total=5 elapsed=0.006 pendingDiscards=0 thiefPlacement=0 thiefVictim=0
[15:11:45.036 +578.036][AI] play phase search action=maritime_trade score=245.238 elapsed=4.013 budget=4.000 nodes=267 timedOut=1
[15:11:45.039 +578.039][AI] play phase decision current=3 actor=0 type=maritime_trade tile=0 corner=0 side=0 target=0 resA=0 resB=1 discard=[0,0,0,0,0]
[15:11:45.042 +578.043][AI] action execute start current=3 actor=0 type=maritime_trade tile=0 corner=0 side=0 target=0 resA=0 resB=1 discard=[0,0,0,0,0]
[15:11:45.046 +578.046][AI] action execute end type=maritime_trade success=1 elapsed=0.003
[15:11:45.048 +578.048][AI] play phase elapsed=4.025
[15:11:49.711 +582.712][AI] play phase search action=maritime_trade score=245.238 elapsed=4.007 budget=4.000 nodes=262 timedOut=1
[15:11:49.715 +582.715][AI] play phase decision current=3 actor=0 type=maritime_trade tile=0 corner=0 side=0 target=0 resA=1 resB=0 discard=[0,0,0,0,0]
[15:11:49.718 +582.719][AI] action execute start current=3 actor=0 type=maritime_trade tile=0 corner=0 side=0 target=0 resA=1 resB=0 discard=[0,0,0,0,0]
[15:11:49.722 +582.722][AI] action execute end type=maritime_trade success=1 elapsed=0.003
[15:11:49.724 +582.725][AI] play phase elapsed=4.020
[15:11:54.391 +587.391][AI] play phase search action=none score=167.238 elapsed=4.009 budget=4.000 nodes=263 timedOut=1
[15:11:54.394 +587.394][AI] play phase no action elapsed=4.012
[15:11:54.395 +587.396][AI] end turn player=3
[15:11:58.323 +591.323][UI] dice animation start pending=3+4 total=7
[15:11:59.189 +592.189][UI] dice animation resolve total=7
[15:11:59.190 +592.191][GAME] gameRollDice start player=0 total=7
[15:11:59.192 +592.192][GAME] begin discard phase currentPlayer=0
[15:11:59.193 +592.194][GAME] discard requirement player=0 total=12 discard=6
[15:11:59.195 +592.195][GAME] discard requirement player=1 total=5 discard=0
[15:11:59.196 +592.197][GAME] discard requirement player=2 total=13 discard=6
[15:11:59.199 +592.200][GAME] discard requirement player=3 total=11 discard=5
[15:11:59.201 +592.202][GAME] gameRollDice end player=0 total=7 elapsed=0.011 pendingDiscards=1 thiefPlacement=0 thiefVictim=0
[15:11:59.204 +592.204][UI] dice animation resolved total=7 elapsed=0.015 pendingDiscards=1 thiefPlacement=0 thiefVictim=0
[15:12:06.709 +599.710][GAME] discard submitted player=0 plan=[2,2,1,0,1] thiefPlacement=0
[15:12:06.726 +599.726][AI] decision start current=0 decision=2 difficulty=2 phase=1 rolled=1 discards=1 thiefPlacement=0 thiefVictim=0 delay=0.000
[15:12:06.729 +599.730][AI] discard planning start player=2 required=6
[15:12:06.731 +599.732][AI] discard planning end player=2 elapsed=0.002 plan=[4,0,0,2,0]
[15:12:06.734 +599.734][AI] action execute start current=0 actor=2 type=discard tile=0 corner=0 side=0 target=2 resA=0 resB=0 discard=[4,0,0,2,0]
[15:12:06.738 +599.739][GAME] discard submitted player=2 plan=[4,0,0,2,0] thiefPlacement=0
[15:12:06.740 +599.741][AI] action execute end type=discard success=1 elapsed=0.007
[15:12:06.743 +599.743][AI] discard execute player=2 success=1 elapsed=0.009
[15:12:06.750 +599.750][AI] decision start current=0 decision=3 difficulty=2 phase=1 rolled=1 discards=1 thiefPlacement=0 thiefVictim=0 delay=0.000
[15:12:06.754 +599.754][AI] discard planning start player=3 required=5
[15:12:06.756 +599.757][AI] discard planning end player=3 elapsed=0.002 plan=[0,1,0,0,4]
[15:12:06.758 +599.759][AI] action execute start current=0 actor=3 type=discard tile=0 corner=0 side=0 target=3 resA=0 resB=0 discard=[0,1,0,0,4]
[15:12:06.762 +599.762][GAME] discard submitted player=3 plan=[0,1,0,0,4] thiefPlacement=1
[15:12:06.764 +599.764][AI] action execute end type=discard success=1 elapsed=0.005
[15:12:06.766 +599.766][AI] discard execute player=3 success=1 elapsed=0.007
[15:12:11.080 +604.081][GAME] move thief start player=0 tile=13
[15:12:11.082 +604.082][GAME] move thief end player=0 tile=13 elapsed=0.002 thiefVictim=1
[15:12:11.814 +604.815][GAME] steal resource player=0 victim=3 resource=4
[15:12:16.952 +608.952][AI] decision start current=1 decision=1 difficulty=2 phase=1 rolled=0 discards=0 thiefPlacement=0 thiefVictim=0 delay=0.386
[15:12:16.352 +609.353][AI] roll animation start player=1
[15:12:16.354 +609.354][UI] dice animation start pending=4+4 total=8
[15:12:17.219 +610.220][UI] dice animation resolve total=8
[15:12:17.220 +610.221][GAME] gameRollDice start player=1 total=8
[15:12:17.222 +610.222][GAME] gameRollDice end player=1 total=8 elapsed=0.001 pendingDiscards=0 thiefPlacement=0 thiefVictim=0
[15:12:17.225 +610.226][UI] dice animation resolved total=8 elapsed=0.006 pendingDiscards=0 thiefPlacement=0 thiefVictim=0
[15:12:17.336 +610.336][AI] play phase search action=none score=-491.405 elapsed=0.108 budget=4.000 nodes=7 timedOut=0
[15:12:17.339 +610.339][AI] play phase no action elapsed=0.110
[15:12:17.340 +610.341][AI] end turn player=1
[15:12:17.347 +610.348][AI] roll animation start player=2
[15:12:17.349 +610.349][UI] dice animation start pending=5+5 total=10
[15:12:18.214 +611.214][UI] dice animation resolve total=10
[15:12:18.216 +611.216][GAME] gameRollDice start player=2 total=10
[15:12:18.217 +611.218][GAME] gameRollDice end player=2 total=10 elapsed=0.002 pendingDiscards=0 thiefPlacement=0 thiefVictim=0
[15:12:18.220 +611.221][UI] dice animation resolved total=10 elapsed=0.006 pendingDiscards=0 thiefPlacement=0 thiefVictim=0
[15:12:18.332 +611.333][AI] play phase search action=none score=-467.760 elapsed=0.109 budget=4.000 nodes=7 timedOut=0
[15:12:18.335 +611.336][AI] play phase no action elapsed=0.112
[15:12:18.337 +611.337][AI] end turn player=2
[15:12:18.343 +611.344][AI] roll animation start player=3
[15:12:18.345 +611.345][UI] dice animation start pending=5+5 total=10
[15:12:19.211 +612.211][UI] dice animation resolve total=10
[15:12:19.212 +612.213][GAME] gameRollDice start player=3 total=10
[15:12:19.214 +612.215][GAME] gameRollDice end player=3 total=10 elapsed=0.002 pendingDiscards=0 thiefPlacement=0 thiefVictim=0
[15:12:19.217 +612.218][UI] dice animation resolved total=10 elapsed=0.007 pendingDiscards=0 thiefPlacement=0 thiefVictim=0
[15:12:19.588 +612.589][AI] play phase search action=none score=-201.663 elapsed=0.368 budget=4.000 nodes=24 timedOut=0
[15:12:19.591 +612.592][AI] play phase no action elapsed=0.371
[15:12:19.593 +612.593][AI] end turn player=3
[15:12:20.367 +613.368][UI] dice animation start pending=3+4 total=7
[15:12:21.234 +614.234][UI] dice animation resolve total=7
[15:12:21.235 +614.236][GAME] gameRollDice start player=0 total=7
[15:12:21.237 +614.237][GAME] begin discard phase currentPlayer=0
[15:12:21.238 +614.239][GAME] discard requirement player=0 total=11 discard=5
[15:12:21.240 +614.241][GAME] discard requirement player=1 total=9 discard=4
[15:12:21.242 +614.242][GAME] discard requirement player=2 total=8 discard=4
[15:12:21.244 +614.244][GAME] discard requirement player=3 total=5 discard=0
[15:12:21.246 +614.246][GAME] gameRollDice end player=0 total=7 elapsed=0.010 pendingDiscards=1 thiefPlacement=0 thiefVictim=0
[15:12:21.249 +614.250][UI] dice animation resolved total=7 elapsed=0.016 pendingDiscards=1 thiefPlacement=0 thiefVictim=0
[15:12:28.856 +620.856][GAME] discard submitted player=0 plan=[4,0,0,0,1] thiefPlacement=0
[15:12:28.872 +620.872][AI] decision start current=0 decision=1 difficulty=2 phase=1 rolled=1 discards=1 thiefPlacement=0 thiefVictim=0 delay=0.000
[15:12:28.875 +620.876][AI] discard planning start player=1 required=4
[15:12:28.877 +620.878][AI] discard planning end player=1 elapsed=0.002 plan=[2,0,0,2,0]
[15:12:28.879 +620.880][AI] action execute start current=0 actor=1 type=discard tile=0 corner=0 side=0 target=1 resA=0 resB=0 discard=[2,0,0,2,0]
[15:12:28.883 +620.883][GAME] discard submitted player=1 plan=[2,0,0,2,0] thiefPlacement=0
[15:12:28.885 +620.885][AI] action execute end type=discard success=1 elapsed=0.005
[15:12:28.887 +620.888][AI] discard execute player=1 success=1 elapsed=0.008
[15:12:28.894 +620.895][AI] decision start current=0 decision=2 difficulty=2 phase=1 rolled=1 discards=1 thiefPlacement=0 thiefVictim=0 delay=0.000
[15:12:28.898 +620.898][AI] discard planning start player=2 required=4
[15:12:28.900 +620.900][AI] discard planning end player=2 elapsed=0.002 plan=[2,2,0,0,0]
[15:12:28.902 +620.902][AI] action execute start current=0 actor=2 type=discard tile=0 corner=0 side=0 target=2 resA=0 resB=0 discard=[2,2,0,0,0]
[15:12:28.906 +620.906][GAME] discard submitted player=2 plan=[2,2,0,0,0] thiefPlacement=1
[15:12:28.908 +620.908][AI] action execute end type=discard success=1 elapsed=0.006
[15:12:28.909 +620.910][AI] discard execute player=2 success=1 elapsed=0.008
[15:12:30.440 +623.440][GAME] move thief start player=0 tile=14
[15:12:30.441 +623.442][GAME] move thief end player=0 tile=14 elapsed=0.002 thiefVictim=1
[15:12:30.807 +623.807][GAME] steal resource player=0 victim=3 resource=3
[15:12:35.131 +628.131][AI] decision start current=1 decision=1 difficulty=2 phase=1 rolled=0 discards=0 thiefPlacement=0 thiefVictim=0 delay=0.386
[15:12:35.531 +628.531][AI] roll animation start player=1
[15:12:35.533 +628.533][UI] dice animation start pending=3+4 total=7
[15:12:36.398 +629.398][UI] dice animation resolve total=7
[15:12:36.399 +629.399][GAME] gameRollDice start player=1 total=7
[15:12:36.400 +629.401][GAME] begin discard phase currentPlayer=1
[15:12:36.402 +629.402][GAME] discard requirement player=0 total=7 discard=3
[15:12:36.404 +629.404][GAME] discard requirement player=1 total=5 discard=0
[15:12:36.405 +629.406][GAME] discard requirement player=2 total=4 discard=0
[15:12:36.407 +629.407][GAME] discard requirement player=3 total=4 discard=0
[15:12:36.408 +629.409][GAME] gameRollDice end player=1 total=7 elapsed=0.009 pendingDiscards=1 thiefPlacement=0 thiefVictim=0
[15:12:36.411 +629.411][UI] dice animation resolved total=7 elapsed=0.013 pendingDiscards=1 thiefPlacement=0 thiefVictim=0
[15:12:40.391 +633.392][GAME] discard submitted player=0 plan=[3,0,0,0,0] thiefPlacement=1
[15:12:40.422 +633.423][GAME] move thief start player=1 tile=0
[15:12:40.424 +633.424][GAME] move thief end player=1 tile=0 elapsed=0.002 thiefVictim=1
[15:12:40.501 +633.501][GAME] move thief start player=1 tile=1
[15:12:40.502 +633.503][GAME] move thief end player=1 tile=1 elapsed=0.002 thiefVictim=1
[15:12:40.580 +633.580][GAME] move thief start player=1 tile=2
[15:12:40.582 +633.582][GAME] move thief end player=1 tile=2 elapsed=0.002 thiefVictim=1
[15:12:40.659 +633.659][GAME] move thief start player=1 tile=3
[15:12:40.660 +633.661][GAME] move thief end player=1 tile=3 elapsed=0.002 thiefVictim=1
[15:12:40.737 +633.737][GAME] move thief start player=1 tile=4
[15:12:40.738 +633.739][GAME] move thief end player=1 tile=4 elapsed=0.002 thiefVictim=1
[15:12:40.815 +633.815][GAME] move thief start player=1 tile=5
[15:12:40.816 +633.817][GAME] move thief end player=1 tile=5 elapsed=0.002 thiefVictim=1
[15:12:41.953 +633.954][GAME] move thief start player=1 tile=6
[15:12:41.955 +633.955][GAME] move thief end player=1 tile=6 elapsed=0.002 thiefVictim=1
[15:12:41.032 +634.032][GAME] move thief start player=1 tile=7
[15:12:41.033 +634.034][GAME] move thief end player=1 tile=7 elapsed=0.002 thiefVictim=1
[15:12:41.110 +634.110][GAME] move thief start player=1 tile=8
[15:12:41.111 +634.112][GAME] move thief end player=1 tile=8 elapsed=0.002 thiefVictim=1
[15:12:41.247 +634.248][GAME] move thief start player=1 tile=9
[15:12:41.249 +634.250][GAME] move thief end player=1 tile=9 elapsed=0.002 thiefVictim=1
[15:12:41.326 +634.326][GAME] move thief start player=1 tile=10
[15:12:41.327 +634.328][GAME] move thief end player=1 tile=10 elapsed=0.001 thiefVictim=1
[15:12:41.463 +634.464][GAME] move thief start player=1 tile=11
[15:12:41.466 +634.466][GAME] move thief end player=1 tile=11 elapsed=0.003 thiefVictim=1
[15:12:41.544 +634.545][GAME] move thief start player=1 tile=12
[15:12:41.546 +634.546][GAME] move thief end player=1 tile=12 elapsed=0.002 thiefVictim=1
[15:12:41.623 +634.624][GAME] move thief start player=1 tile=13
[15:12:41.625 +634.625][GAME] move thief end player=1 tile=13 elapsed=0.001 thiefVictim=1
[15:12:41.701 +634.702][GAME] move thief start player=1 tile=15
[15:12:41.703 +634.703][GAME] move thief end player=1 tile=15 elapsed=0.002 thiefVictim=1
[15:12:42.838 +634.839][GAME] move thief start player=1 tile=16
[15:12:42.840 +634.840][GAME] move thief end player=1 tile=16 elapsed=0.002 thiefVictim=0
[15:12:42.856 +634.857][GAME] move thief start player=1 tile=17
[15:12:42.858 +634.859][GAME] move thief end player=1 tile=17 elapsed=0.002 thiefVictim=0
[15:12:42.875 +634.876][GAME] move thief start player=1 tile=18
[15:12:42.877 +634.877][GAME] move thief end player=1 tile=18 elapsed=0.002 thiefVictim=1
[15:12:42.953 +634.954][AI] thief move planning end player=1 tile=7 elapsed=1.546
[15:12:42.955 +634.956][AI] action execute start current=1 actor=0 type=move_thief tile=7 corner=0 side=0 target=0 resA=0 resB=0 discard=[0,0,0,0,0]
[15:12:42.958 +634.959][GAME] move thief start player=1 tile=7
[15:12:42.960 +634.960][GAME] move thief end player=1 tile=7 elapsed=0.001 thiefVictim=1
[15:12:42.962 +634.962][AI] action execute end type=move_thief success=1 elapsed=0.007
[15:12:42.964 +634.964][AI] thief move execute player=1 tile=7 success=1 elapsed=0.009
[15:12:42.047 +635.047][AI] thief victim planning end player=1 victim=0 elapsed=0.074
[15:12:42.050 +635.050][AI] action execute start current=1 actor=0 type=choose_thief_victim tile=0 corner=0 side=0 target=0 resA=0 resB=0 discard=[0,0,0,0,0]
[15:12:42.053 +635.054][GAME] steal resource player=1 victim=0 resource=1
[15:12:42.055 +635.055][AI] action execute end type=choose_thief_victim success=1 elapsed=0.005
[15:12:42.057 +635.057][AI] thief victim execute player=1 victim=0 success=1 elapsed=0.007
[15:12:42.824 +635.824][AI] play phase search action=none score=-163.484 elapsed=0.108 budget=4.000 nodes=7 timedOut=0
[15:12:42.826 +635.827][AI] play phase no action elapsed=0.111
[15:12:42.827 +635.828][AI] end turn player=1
[15:12:43.834 +635.834][AI] roll animation start player=2
[15:12:43.835 +635.835][UI] dice animation start pending=4+5 total=9
[15:12:43.701 +636.702][UI] dice animation resolve total=9
[15:12:43.703 +636.703][GAME] gameRollDice start player=2 total=9
[15:12:43.705 +636.705][GAME] gameRollDice end player=2 total=9 elapsed=0.002 pendingDiscards=0 thiefPlacement=0 thiefVictim=0
[15:12:43.707 +636.708][UI] dice animation resolved total=9 elapsed=0.006 pendingDiscards=0 thiefPlacement=0 thiefVictim=0
[15:12:43.819 +636.819][AI] play phase search action=none score=-461.119 elapsed=0.108 budget=4.000 nodes=7 timedOut=0
[15:12:43.821 +636.822][AI] play phase no action elapsed=0.111
[15:12:43.823 +636.823][AI] end turn player=2
[15:12:43.829 +636.830][AI] roll animation start player=3
[15:12:44.831 +636.831][UI] dice animation start pending=6+6 total=12
[15:12:44.696 +637.697][UI] dice animation resolve total=12
[15:12:44.698 +637.698][GAME] gameRollDice start player=3 total=12
[15:12:44.699 +637.700][GAME] gameRollDice end player=3 total=12 elapsed=0.002 pendingDiscards=0 thiefPlacement=0 thiefVictim=0
[15:12:44.703 +637.703][UI] dice animation resolved total=12 elapsed=0.006 pendingDiscards=0 thiefPlacement=0 thiefVictim=0
[15:12:44.827 +637.828][AI] play phase search action=none score=38.913 elapsed=0.122 budget=4.000 nodes=8 timedOut=0
[15:12:45.830 +637.831][AI] play phase no action elapsed=0.125
[15:12:45.831 +637.832][AI] end turn player=3
[15:12:46.356 +639.357][UI] dice animation start pending=5+6 total=11
[15:12:47.222 +640.223][UI] dice animation resolve total=11
[15:12:47.224 +640.225][GAME] gameRollDice start player=0 total=11
[15:12:47.226 +640.226][GAME] gameRollDice end player=0 total=11 elapsed=0.002 pendingDiscards=0 thiefPlacement=0 thiefVictim=0
[15:12:47.229 +640.229][UI] dice animation resolved total=11 elapsed=0.006 pendingDiscards=0 thiefPlacement=0 thiefVictim=0
[15:12:53.227 +646.227][AI] decision start current=1 decision=1 difficulty=2 phase=1 rolled=0 discards=0 thiefPlacement=0 thiefVictim=0 delay=0.386
[15:12:53.627 +646.627][AI] roll animation start player=1
[15:12:53.629 +646.629][UI] dice animation start pending=5+5 total=10
[15:12:54.494 +647.495][UI] dice animation resolve total=10
[15:12:54.496 +647.496][GAME] gameRollDice start player=1 total=10
[15:12:54.497 +647.498][GAME] gameRollDice end player=1 total=10 elapsed=0.001 pendingDiscards=0 thiefPlacement=0 thiefVictim=0
[15:12:54.500 +647.501][UI] dice animation resolved total=10 elapsed=0.006 pendingDiscards=0 thiefPlacement=0 thiefVictim=0
[15:12:56.548 +649.548][AI] play phase search action=none score=-209.077 elapsed=2.045 budget=4.000 nodes=133 timedOut=0
[15:12:56.551 +649.551][AI] play phase no action elapsed=2.047
[15:12:56.552 +649.553][AI] end turn player=1
[15:12:56.558 +649.559][AI] roll animation start player=2
[15:12:56.560 +649.561][UI] dice animation start pending=2+3 total=5
[15:12:57.425 +650.426][UI] dice animation resolve total=5
[15:12:57.427 +650.428][GAME] gameRollDice start player=2 total=5
[15:12:57.429 +650.429][GAME] gameRollDice end player=2 total=5 elapsed=0.002 pendingDiscards=0 thiefPlacement=0 thiefVictim=0
[15:12:57.432 +650.432][UI] dice animation resolved total=5 elapsed=0.006 pendingDiscards=0 thiefPlacement=0 thiefVictim=0
[15:12:57.543 +650.543][AI] play phase search action=none score=-562.950 elapsed=0.108 budget=4.000 nodes=7 timedOut=0
[15:12:57.546 +650.547][AI] play phase no action elapsed=0.111
[15:12:57.547 +650.548][AI] end turn player=2
[15:12:57.554 +650.554][AI] roll animation start player=3
[15:12:57.555 +650.556][UI] dice animation start pending=6+6 total=12
[15:12:58.420 +651.421][UI] dice animation resolve total=12
[15:12:58.421 +651.422][GAME] gameRollDice start player=3 total=12
[15:12:58.422 +651.423][GAME] gameRollDice end player=3 total=12 elapsed=0.001 pendingDiscards=0 thiefPlacement=0 thiefVictim=0
[15:12:58.425 +651.426][UI] dice animation resolved total=12 elapsed=0.005 pendingDiscards=0 thiefPlacement=0 thiefVictim=0
[15:12:58.551 +651.552][AI] play phase search action=none score=-67.549 elapsed=0.122 budget=4.000 nodes=8 timedOut=0
[15:12:58.554 +651.554][AI] play phase no action elapsed=0.125
[15:12:58.555 +651.556][AI] end turn player=3
[15:12:59.163 +652.164][UI] dice animation start pending=2+3 total=5
[15:13:00.029 +653.030][UI] dice animation resolve total=5
[15:13:00.031 +653.032][GAME] gameRollDice start player=0 total=5
[15:13:00.033 +653.033][GAME] gameRollDice end player=0 total=5 elapsed=0.002 pendingDiscards=0 thiefPlacement=0 thiefVictim=0
[15:13:00.036 +653.037][UI] dice animation resolved total=5 elapsed=0.007 pendingDiscards=0 thiefPlacement=0 thiefVictim=0
[15:13:03.464 +656.464][AI] decision start current=1 decision=1 difficulty=2 phase=1 rolled=0 discards=0 thiefPlacement=0 thiefVictim=0 delay=0.386
[15:13:04.864 +656.865][AI] roll animation start player=1
[15:13:04.866 +656.866][UI] dice animation start pending=2+3 total=5
[15:13:04.732 +657.732][UI] dice animation resolve total=5
[15:13:04.733 +657.734][GAME] gameRollDice start player=1 total=5
[15:13:04.735 +657.735][GAME] gameRollDice end player=1 total=5 elapsed=0.002 pendingDiscards=0 thiefPlacement=0 thiefVictim=0
[15:13:04.738 +657.738][UI] dice animation resolved total=5 elapsed=0.006 pendingDiscards=0 thiefPlacement=0 thiefVictim=0
[15:13:06.815 +659.815][AI] play phase search action=none score=-318.799 elapsed=2.074 budget=4.000 nodes=133 timedOut=0
[15:13:06.818 +659.819][AI] play phase no action elapsed=2.077
[15:13:06.820 +659.820][AI] end turn player=1
[15:13:06.826 +659.826][AI] roll animation start player=2
[15:13:06.827 +659.828][UI] dice animation start pending=5+6 total=11
[15:13:07.693 +660.693][UI] dice animation resolve total=11
[15:13:07.694 +660.695][GAME] gameRollDice start player=2 total=11
[15:13:07.696 +660.696][GAME] gameRollDice end player=2 total=11 elapsed=0.001 pendingDiscards=0 thiefPlacement=0 thiefVictim=0
[15:13:07.698 +660.698][UI] dice animation resolved total=11 elapsed=0.005 pendingDiscards=0 thiefPlacement=0 thiefVictim=0
[15:13:09.896 +661.897][AI] play phase search action=maritime_trade score=-532.490 elapsed=1.195 budget=4.000 nodes=78 timedOut=0
[15:13:09.899 +661.900][AI] play phase decision current=2 actor=0 type=maritime_trade tile=0 corner=0 side=0 target=0 resA=3 resB=4 discard=[0,0,0,0,0]
[15:13:09.903 +661.904][AI] action execute start current=2 actor=0 type=maritime_trade tile=0 corner=0 side=0 target=0 resA=3 resB=4 discard=[0,0,0,0,0]
[15:13:09.907 +661.908][AI] action execute end type=maritime_trade success=1 elapsed=0.004
[15:13:09.909 +661.910][AI] play phase elapsed=1.208
[15:13:10.871 +662.871][AI] play phase search action=none score=-532.490 elapsed=0.304 budget=4.000 nodes=20 timedOut=0
[15:13:10.873 +662.874][AI] play phase no action elapsed=0.307
[15:13:10.874 +662.875][AI] end turn player=2
[15:13:10.881 +662.882][AI] roll animation start player=3
[15:13:10.884 +662.885][UI] dice animation start pending=2+3 total=5
[15:13:10.748 +663.748][UI] dice animation resolve total=5
[15:13:10.749 +663.749][GAME] gameRollDice start player=3 total=5
[15:13:10.750 +663.751][GAME] gameRollDice end player=3 total=5 elapsed=0.001 pendingDiscards=0 thiefPlacement=0 thiefVictim=0
[15:13:10.754 +663.754][UI] dice animation resolved total=5 elapsed=0.006 pendingDiscards=0 thiefPlacement=0 thiefVictim=0
[15:13:11.882 +663.882][AI] play phase search action=none score=-78.839 elapsed=0.125 budget=4.000 nodes=8 timedOut=0
[15:13:11.885 +663.885][AI] play phase no action elapsed=0.128
[15:13:11.886 +663.887][AI] end turn player=3
[15:13:17.289 +670.290][UI] dice animation start pending=4+5 total=9
[15:13:18.140 +671.141][UI] dice animation resolve total=9
[15:13:18.142 +671.142][GAME] gameRollDice start player=0 total=9
[15:13:18.144 +671.145][GAME] gameRollDice end player=0 total=9 elapsed=0.003 pendingDiscards=0 thiefPlacement=0 thiefVictim=0
[15:13:18.147 +671.147][UI] dice animation resolved total=9 elapsed=0.007 pendingDiscards=0 thiefPlacement=0 thiefVictim=0
[15:13:25.796 +678.796][RENDER] settlement preview invalid tile=11 corner=2 player=0 reason=settlement limit reached validPreviewCount=0
[15:13:25.829 +678.830][RENDER] settlement preview invalid tile=10 corner=1 player=0 reason=settlement limit reached validPreviewCount=0
[15:13:26.946 +678.947][RENDER] settlement preview invalid tile=9 corner=1 player=0 reason=settlement limit reached validPreviewCount=0
[15:13:26.650 +679.651][RENDER] settlement preview invalid tile=10 corner=2 player=0 reason=settlement limit reached validPreviewCount=0
[15:13:27.153 +680.154][RENDER] settlement preview invalid tile=10 corner=2 player=0 reason=settlement limit reached validPreviewCount=0
[15:13:27.203 +680.204][RENDER] settlement preview invalid tile=14 corner=1 player=0 reason=settlement limit reached validPreviewCount=0
[15:13:31.398 +684.398][RENDER] settlement preview invalid tile=11 corner=1 player=0 reason=settlement limit reached validPreviewCount=0
[15:13:31.765 +684.766][RENDER] settlement preview invalid tile=10 corner=1 player=0 reason=settlement limit reached validPreviewCount=0
[15:13:32.982 +684.982][RENDER] settlement preview invalid tile=14 corner=1 player=0 reason=settlement limit reached validPreviewCount=0
[15:13:35.812 +688.813][RENDER] settlement preview invalid tile=10 corner=1 player=0 reason=settlement limit reached validPreviewCount=0
[15:13:36.315 +689.315][RENDER] settlement preview invalid tile=10 corner=1 player=0 reason=settlement limit reached validPreviewCount=0
[15:13:39.709 +692.710][RENDER] settlement preview invalid tile=11 corner=1 player=0 reason=settlement limit reached validPreviewCount=0
[15:13:40.977 +692.977][RENDER] settlement preview invalid tile=10 corner=1 player=0 reason=settlement limit reached validPreviewCount=0
[15:13:40.644 +693.645][RENDER] settlement preview invalid tile=15 corner=2 player=0 reason=settlement limit reached validPreviewCount=0
[15:13:41.180 +694.180][RENDER] settlement preview invalid tile=18 corner=1 player=0 reason=settlement limit reached validPreviewCount=0
[15:13:43.762 +696.763][AI] decision start current=1 decision=1 difficulty=2 phase=1 rolled=0 discards=0 thiefPlacement=0 thiefVictim=0 delay=0.386
[15:13:44.164 +697.164][AI] roll animation start player=1
[15:13:44.166 +697.166][UI] dice animation start pending=5+6 total=11
[15:13:45.030 +698.031][UI] dice animation resolve total=11
[15:13:45.031 +698.032][GAME] gameRollDice start player=1 total=11
[15:13:45.033 +698.033][GAME] gameRollDice end player=1 total=11 elapsed=0.001 pendingDiscards=0 thiefPlacement=0 thiefVictim=0
[15:13:45.035 +698.035][UI] dice animation resolved total=11 elapsed=0.005 pendingDiscards=0 thiefPlacement=0 thiefVictim=0
[15:13:47.361 +700.361][AI] play phase search action=build_road score=-195.805 elapsed=2.323 budget=4.000 nodes=153 timedOut=0
[15:13:47.363 +700.364][AI] play phase decision current=1 actor=0 type=build_road tile=4 corner=0 side=4 target=0 resA=1 resB=4 discard=[0,0,0,0,0]
[15:13:47.366 +700.366][AI] action execute start current=1 actor=0 type=build_road tile=4 corner=0 side=4 target=0 resA=1 resB=4 discard=[0,0,0,0,0]
[15:13:47.369 +700.369][AI] action execute end type=build_road success=1 elapsed=0.003
[15:13:47.370 +700.370][AI] play phase elapsed=2.331
[15:13:48.191 +701.192][AI] play phase search action=maritime_trade score=-195.805 elapsed=0.165 budget=4.000 nodes=11 timedOut=0
[15:13:48.193 +701.193][AI] play phase decision current=1 actor=0 type=maritime_trade tile=0 corner=0 side=0 target=0 resA=1 resB=2 discard=[0,0,0,0,0]
[15:13:48.195 +701.196][AI] action execute start current=1 actor=0 type=maritime_trade tile=0 corner=0 side=0 target=0 resA=1 resB=2 discard=[0,0,0,0,0]
[15:13:48.198 +701.198][AI] action execute end type=maritime_trade success=1 elapsed=0.002
[15:13:48.199 +701.199][AI] play phase elapsed=0.172
[15:13:49.947 +701.947][AI] play phase search action=none score=-273.805 elapsed=0.091 budget=4.000 nodes=6 timedOut=0
[15:13:49.949 +701.949][AI] play phase no action elapsed=0.093
[15:13:49.950 +701.950][AI] end turn player=1
[15:13:49.957 +701.958][AI] roll animation start player=2
[15:13:49.958 +701.959][UI] dice animation start pending=1+1 total=2
[15:13:49.824 +702.824][UI] dice animation resolve total=2
[15:13:49.825 +702.825][GAME] gameRollDice start player=2 total=2
[15:13:49.827 +702.827][GAME] gameRollDice end player=2 total=2 elapsed=0.002 pendingDiscards=0 thiefPlacement=0 thiefVictim=0
[15:13:49.829 +702.830][UI] dice animation resolved total=2 elapsed=0.006 pendingDiscards=0 thiefPlacement=0 thiefVictim=0
[15:13:50.132 +703.133][AI] play phase search action=none score=-455.483 elapsed=0.301 budget=4.000 nodes=20 timedOut=0
[15:13:50.136 +703.136][AI] play phase no action elapsed=0.304
[15:13:50.137 +703.137][AI] end turn player=2
[15:13:50.144 +703.145][AI] roll animation start player=3
[15:13:50.147 +703.148][UI] dice animation start pending=3+4 total=7
[15:13:51.011 +704.011][UI] dice animation resolve total=7
[15:13:51.012 +704.012][GAME] gameRollDice start player=3 total=7
[15:13:51.013 +704.013][GAME] begin discard phase currentPlayer=3
[15:13:51.015 +704.015][GAME] discard requirement player=0 total=8 discard=4
[15:13:51.016 +704.017][GAME] discard requirement player=1 total=6 discard=0
[15:13:51.017 +704.018][GAME] discard requirement player=2 total=5 discard=0
[15:13:51.018 +704.018][GAME] discard requirement player=3 total=10 discard=5
[15:13:51.020 +704.020][GAME] gameRollDice end player=3 total=7 elapsed=0.008 pendingDiscards=1 thiefPlacement=0 thiefVictim=0
[15:13:51.024 +704.024][UI] dice animation resolved total=7 elapsed=0.013 pendingDiscards=1 thiefPlacement=0 thiefVictim=0
[15:13:58.925 +710.926][GAME] discard submitted player=0 plan=[2,0,2,0,0] thiefPlacement=0
[15:13:58.941 +710.942][AI] discard planning start player=3 required=5
[15:13:58.945 +710.946][AI] discard planning end player=3 elapsed=0.004 plan=[0,2,2,0,1]
[15:13:58.947 +710.948][AI] action execute start current=3 actor=3 type=discard tile=0 corner=0 side=0 target=3 resA=0 resB=0 discard=[0,2,2,0,1]
[15:13:58.950 +710.951][GAME] discard submitted player=3 plan=[0,2,2,0,1] thiefPlacement=1
[15:13:58.951 +710.952][AI] action execute end type=discard success=1 elapsed=0.004
[15:13:58.953 +710.953][AI] discard execute player=3 success=1 elapsed=0.005
[15:13:58.975 +710.975][GAME] move thief start player=3 tile=0
[15:13:58.976 +710.977][GAME] move thief end player=3 tile=0 elapsed=0.002 thiefVictim=1
[15:13:58.022 +711.022][GAME] move thief start player=3 tile=1
[15:13:58.024 +711.024][GAME] move thief end player=3 tile=1 elapsed=0.002 thiefVictim=1
[15:13:58.071 +711.072][GAME] move thief start player=3 tile=2
[15:13:58.073 +711.073][GAME] move thief end player=3 tile=2 elapsed=0.002 thiefVictim=1
[15:13:58.119 +711.120][GAME] move thief start player=3 tile=3
[15:13:58.121 +711.121][GAME] move thief end player=3 tile=3 elapsed=0.001 thiefVictim=1
[15:13:58.167 +711.168][GAME] move thief start player=3 tile=4
[15:13:58.169 +711.170][GAME] move thief end player=3 tile=4 elapsed=0.002 thiefVictim=1
[15:13:58.276 +711.276][GAME] move thief start player=3 tile=5
[15:13:58.278 +711.278][GAME] move thief end player=3 tile=5 elapsed=0.002 thiefVictim=1
[15:13:58.398 +711.398][GAME] move thief start player=3 tile=6
[15:13:58.399 +711.399][GAME] move thief end player=3 tile=6 elapsed=0.001 thiefVictim=1
[15:13:58.490 +711.490][GAME] move thief start player=3 tile=8
[15:13:58.491 +711.491][GAME] move thief end player=3 tile=8 elapsed=0.001 thiefVictim=1
[15:13:58.598 +711.598][GAME] move thief start player=3 tile=9
[15:13:58.599 +711.599][GAME] move thief end player=3 tile=9 elapsed=0.001 thiefVictim=1
[15:13:58.748 +711.748][GAME] move thief start player=3 tile=10
[15:13:58.749 +711.750][GAME] move thief end player=3 tile=10 elapsed=0.001 thiefVictim=1
[15:13:59.869 +711.869][GAME] move thief start player=3 tile=11
[15:13:59.870 +711.870][GAME] move thief end player=3 tile=11 elapsed=0.001 thiefVictim=1
[15:13:59.916 +711.916][GAME] move thief start player=3 tile=12
[15:13:59.917 +711.917][GAME] move thief end player=3 tile=12 elapsed=0.001 thiefVictim=0
[15:13:59.933 +711.934][GAME] move thief start player=3 tile=13
[15:13:59.934 +711.935][GAME] move thief end player=3 tile=13 elapsed=0.001 thiefVictim=0
[15:13:59.951 +711.951][GAME] move thief start player=3 tile=14
[15:13:59.952 +711.953][GAME] move thief end player=3 tile=14 elapsed=0.001 thiefVictim=1
[15:13:59.043 +712.043][GAME] move thief start player=3 tile=15
[15:13:59.044 +712.045][GAME] move thief end player=3 tile=15 elapsed=0.001 thiefVictim=1
[15:13:59.090 +712.091][GAME] move thief start player=3 tile=16
[15:13:59.091 +712.092][GAME] move thief end player=3 tile=16 elapsed=0.001 thiefVictim=0
[15:13:59.107 +712.108][GAME] move thief start player=3 tile=17
[15:13:59.108 +712.109][GAME] move thief end player=3 tile=17 elapsed=0.001 thiefVictim=1
[15:13:59.184 +712.185][GAME] move thief start player=3 tile=18
[15:13:59.185 +712.186][GAME] move thief end player=3 tile=18 elapsed=0.001 thiefVictim=1
[15:13:59.261 +712.262][AI] thief move planning end player=3 tile=6 elapsed=1.301
[15:13:59.263 +712.263][AI] action execute start current=3 actor=0 type=move_thief tile=6 corner=0 side=0 target=0 resA=0 resB=0 discard=[0,0,0,0,0]
[15:13:59.265 +712.265][GAME] move thief start player=3 tile=6
[15:13:59.266 +712.267][GAME] move thief end player=3 tile=6 elapsed=0.001 thiefVictim=1
[15:13:59.267 +712.268][AI] action execute end type=move_thief success=1 elapsed=0.004
[15:13:59.268 +712.268][AI] thief move execute player=3 tile=6 success=1 elapsed=0.005
[15:13:59.364 +712.365][AI] thief victim planning end player=3 victim=2 elapsed=0.089
[15:13:59.366 +712.367][AI] action execute start current=3 actor=2 type=choose_thief_victim tile=0 corner=0 side=0 target=2 resA=0 resB=0 discard=[0,0,0,0,0]
[15:13:59.373 +712.373][GAME] steal resource player=3 victim=2 resource=0
[15:13:59.374 +712.374][AI] action execute end type=choose_thief_victim success=1 elapsed=0.007
[15:13:59.376 +712.376][AI] thief victim execute player=3 victim=2 success=1 elapsed=0.009
[15:14:00.157 +713.157][AI] play phase search action=none score=-7.162 elapsed=0.124 budget=4.000 nodes=8 timedOut=0
[15:14:00.159 +713.160][AI] play phase no action elapsed=0.127
[15:14:00.163 +713.164][AI] end turn player=3
[15:14:00.773 +713.773][UI] dice animation start pending=2+3 total=5
[15:14:01.639 +714.639][UI] dice animation resolve total=5
[15:14:01.641 +714.642][GAME] gameRollDice start player=0 total=5
[15:14:01.646 +714.646][GAME] gameRollDice end player=0 total=5 elapsed=0.005 pendingDiscards=0 thiefPlacement=0 thiefVictim=0
[15:14:01.651 +714.651][UI] dice animation resolved total=5 elapsed=0.012 pendingDiscards=0 thiefPlacement=0 thiefVictim=0
[15:14:12.262 +725.263][AI] decision start current=1 decision=1 difficulty=2 phase=1 rolled=0 discards=0 thiefPlacement=0 thiefVictim=0 delay=0.386
[15:14:12.662 +725.663][AI] roll animation start player=1
[15:14:12.663 +725.664][UI] dice animation start pending=5+6 total=11
[15:14:13.529 +726.529][UI] dice animation resolve total=11
[15:14:13.530 +726.530][GAME] gameRollDice start player=1 total=11
[15:14:13.531 +726.531][GAME] gameRollDice end player=1 total=11 elapsed=0.001 pendingDiscards=0 thiefPlacement=0 thiefVictim=0
[15:14:13.533 +726.533][UI] dice animation resolved total=11 elapsed=0.004 pendingDiscards=0 thiefPlacement=0 thiefVictim=0
[15:14:13.702 +726.703][AI] play phase search action=none score=-245.336 elapsed=0.166 budget=4.000 nodes=11 timedOut=0
[15:14:13.705 +726.705][AI] play phase no action elapsed=0.169
[15:14:13.706 +726.706][AI] end turn player=1
[15:14:13.712 +726.713][AI] roll animation start player=2
[15:14:13.713 +726.714][UI] dice animation start pending=2+2 total=4
[15:14:14.578 +727.579][UI] dice animation resolve total=4
[15:14:14.580 +727.580][GAME] gameRollDice start player=2 total=4
[15:14:14.581 +727.581][GAME] gameRollDice end player=2 total=4 elapsed=0.001 pendingDiscards=0 thiefPlacement=0 thiefVictim=0
[15:14:14.583 +727.584][UI] dice animation resolved total=4 elapsed=0.005 pendingDiscards=0 thiefPlacement=0 thiefVictim=0
[15:14:14.615 +727.616][AI] play phase search action=none score=-748.979 elapsed=0.030 budget=4.000 nodes=2 timedOut=0
[15:14:14.617 +727.618][AI] play phase no action elapsed=0.032
[15:14:14.619 +727.619][AI] end turn player=2
[15:14:14.626 +727.626][AI] roll animation start player=3
[15:14:14.627 +727.628][UI] dice animation start pending=4+5 total=9
[15:14:15.493 +728.493][UI] dice animation resolve total=9
[15:14:15.494 +728.495][GAME] gameRollDice start player=3 total=9
[15:14:15.495 +728.496][GAME] gameRollDice end player=3 total=9 elapsed=0.001 pendingDiscards=0 thiefPlacement=0 thiefVictim=0
[15:14:15.498 +728.498][UI] dice animation resolved total=9 elapsed=0.005 pendingDiscards=0 thiefPlacement=0 thiefVictim=0
[15:14:16.849 +728.850][AI] play phase search action=none score=5.882 elapsed=0.349 budget=4.000 nodes=23 timedOut=0
[15:14:16.852 +728.852][AI] play phase no action elapsed=0.351
[15:14:16.853 +728.853][AI] end turn player=3
[15:14:16.727 +729.727][UI] dice animation start pending=2+3 total=5
[15:14:17.577 +730.578][UI] dice animation resolve total=5
[15:14:17.578 +730.579][GAME] gameRollDice start player=0 total=5
[15:14:17.580 +730.580][GAME] gameRollDice end player=0 total=5 elapsed=0.001 pendingDiscards=0 thiefPlacement=0 thiefVictim=0
[15:14:17.583 +730.583][UI] dice animation resolved total=5 elapsed=0.006 pendingDiscards=0 thiefPlacement=0 thiefVictim=0
[15:14:37.655 +750.656][RENDER] settlement preview invalid tile=18 corner=1 player=0 reason=settlement limit reached validPreviewCount=0
[15:14:39.437 +752.438][AI] decision start current=1 decision=1 difficulty=2 phase=1 rolled=0 discards=0 thiefPlacement=0 thiefVictim=0 delay=0.386
[15:14:40.838 +752.839][AI] roll animation start player=1
[15:14:40.840 +752.840][UI] dice animation start pending=4+4 total=8
[15:14:40.690 +753.691][UI] dice animation resolve total=8
[15:14:40.693 +753.694][GAME] gameRollDice start player=1 total=8
[15:14:40.695 +753.695][GAME] gameRollDice end player=1 total=8 elapsed=0.002 pendingDiscards=0 thiefPlacement=0 thiefVictim=0
[15:14:40.699 +753.700][UI] dice animation resolved total=8 elapsed=0.009 pendingDiscards=0 thiefPlacement=0 thiefVictim=0
[15:14:41.863 +753.863][AI] play phase search action=none score=-341.555 elapsed=0.161 budget=4.000 nodes=11 timedOut=0
[15:14:41.865 +753.866][AI] play phase no action elapsed=0.163
[15:14:41.866 +753.867][AI] end turn player=1
[15:14:41.873 +753.873][AI] roll animation start player=2
[15:14:41.875 +753.875][UI] dice animation start pending=3+4 total=7
[15:14:41.739 +754.739][UI] dice animation resolve total=7
[15:14:41.740 +754.741][GAME] gameRollDice start player=2 total=7
[15:14:41.742 +754.742][GAME] begin discard phase currentPlayer=2
[15:14:41.743 +754.744][GAME] discard requirement player=0 total=11 discard=5
[15:14:41.745 +754.746][GAME] discard requirement player=1 total=7 discard=3
[15:14:41.748 +754.749][GAME] discard requirement player=2 total=5 discard=0
[15:14:41.750 +754.751][GAME] discard requirement player=3 total=10 discard=5
[15:14:41.752 +754.752][GAME] gameRollDice end player=2 total=7 elapsed=0.011 pendingDiscards=1 thiefPlacement=0 thiefVictim=0
[15:14:41.755 +754.755][UI] dice animation resolved total=7 elapsed=0.016 pendingDiscards=1 thiefPlacement=0 thiefVictim=0
[15:14:47.303 +760.303][GAME] discard submitted player=0 plan=[4,0,1,0,0] thiefPlacement=0
[15:14:47.319 +760.320][AI] decision start current=2 decision=1 difficulty=2 phase=1 rolled=1 discards=1 thiefPlacement=0 thiefVictim=0 delay=0.000
[15:14:47.323 +760.324][AI] discard planning start player=1 required=3
[15:14:47.325 +760.326][AI] discard planning end player=1 elapsed=0.002 plan=[0,1,1,1,0]
[15:14:47.327 +760.327][AI] action execute start current=2 actor=1 type=discard tile=0 corner=0 side=0 target=1 resA=0 resB=0 discard=[0,1,1,1,0]
[15:14:47.329 +760.330][GAME] discard submitted player=1 plan=[0,1,1,1,0] thiefPlacement=0
[15:14:47.332 +760.333][AI] action execute end type=discard success=1 elapsed=0.005
[15:14:47.334 +760.335][AI] discard execute player=1 success=1 elapsed=0.007
[15:14:47.341 +760.341][AI] decision start current=2 decision=3 difficulty=2 phase=1 rolled=1 discards=1 thiefPlacement=0 thiefVictim=0 delay=0.000
[15:14:47.344 +760.345][AI] discard planning start player=3 required=5
[15:14:47.347 +760.347][AI] discard planning end player=3 elapsed=0.002 plan=[1,1,0,0,3]
[15:14:47.349 +760.349][AI] action execute start current=2 actor=3 type=discard tile=0 corner=0 side=0 target=3 resA=0 resB=0 discard=[1,1,0,0,3]
[15:14:47.352 +760.353][GAME] discard submitted player=3 plan=[1,1,0,0,3] thiefPlacement=1
[15:14:47.354 +760.355][AI] action execute end type=discard success=1 elapsed=0.005
[15:14:47.356 +760.356][AI] discard execute player=3 success=1 elapsed=0.007
[15:14:47.363 +760.364][AI] decision start current=2 decision=2 difficulty=2 phase=1 rolled=1 discards=0 thiefPlacement=1 thiefVictim=0 delay=0.000
[15:14:47.381 +760.381][GAME] move thief start player=2 tile=0
[15:14:47.383 +760.383][GAME] move thief end player=2 tile=0 elapsed=0.002 thiefVictim=1
[15:14:47.445 +760.445][GAME] move thief start player=2 tile=1
[15:14:47.446 +760.447][GAME] move thief end player=2 tile=1 elapsed=0.002 thiefVictim=1
[15:14:47.506 +760.507][GAME] move thief start player=2 tile=2
[15:14:47.508 +760.508][GAME] move thief end player=2 tile=2 elapsed=0.002 thiefVictim=1
[15:14:47.567 +760.568][GAME] move thief start player=2 tile=3
[15:14:47.569 +760.569][GAME] move thief end player=2 tile=3 elapsed=0.002 thiefVictim=1
[15:14:47.629 +760.629][GAME] move thief start player=2 tile=4
[15:14:47.630 +760.631][GAME] move thief end player=2 tile=4 elapsed=0.001 thiefVictim=1
[15:14:47.749 +760.750][GAME] move thief start player=2 tile=5
[15:14:47.751 +760.751][GAME] move thief end player=2 tile=5 elapsed=0.001 thiefVictim=1
[15:14:47.810 +760.811][GAME] move thief start player=2 tile=7
[15:14:47.812 +760.812][GAME] move thief end player=2 tile=7 elapsed=0.001 thiefVictim=1
[15:14:48.875 +760.875][GAME] move thief start player=2 tile=8
[15:14:48.877 +760.877][GAME] move thief end player=2 tile=8 elapsed=0.002 thiefVictim=1
[15:14:48.054 +761.055][GAME] move thief start player=2 tile=9
[15:14:48.055 +761.056][GAME] move thief end player=2 tile=9 elapsed=0.001 thiefVictim=1
[15:14:48.130 +761.131][GAME] move thief start player=2 tile=10
[15:14:48.131 +761.132][GAME] move thief end player=2 tile=10 elapsed=0.001 thiefVictim=1
[15:14:48.192 +761.192][GAME] move thief start player=2 tile=11
[15:14:48.193 +761.193][GAME] move thief end player=2 tile=11 elapsed=0.001 thiefVictim=1
[15:14:48.253 +761.253][GAME] move thief start player=2 tile=12
[15:14:48.254 +761.255][GAME] move thief end player=2 tile=12 elapsed=0.001 thiefVictim=1
[15:14:48.329 +761.330][GAME] move thief start player=2 tile=13
[15:14:48.330 +761.331][GAME] move thief end player=2 tile=13 elapsed=0.001 thiefVictim=1
[15:14:48.405 +761.406][GAME] move thief start player=2 tile=14
[15:14:48.406 +761.407][GAME] move thief end player=2 tile=14 elapsed=0.001 thiefVictim=1
[15:14:48.481 +761.482][GAME] move thief start player=2 tile=15
[15:14:48.483 +761.484][GAME] move thief end player=2 tile=15 elapsed=0.002 thiefVictim=1
[15:14:48.601 +761.602][GAME] move thief start player=2 tile=16
[15:14:48.603 +761.603][GAME] move thief end player=2 tile=16 elapsed=0.002 thiefVictim=0
[15:14:48.620 +761.620][GAME] move thief start player=2 tile=17
[15:14:48.621 +761.621][GAME] move thief end player=2 tile=17 elapsed=0.001 thiefVictim=1
[15:14:48.695 +761.696][GAME] move thief start player=2 tile=18
[15:14:48.697 +761.697][GAME] move thief end player=2 tile=18 elapsed=0.001 thiefVictim=1
[15:14:49.831 +761.831][AI] thief move planning end player=2 tile=7 elapsed=1.464
[15:14:49.834 +761.834][AI] action execute start current=2 actor=0 type=move_thief tile=7 corner=0 side=0 target=0 resA=0 resB=0 discard=[0,0,0,0,0]
[15:14:49.841 +761.841][GAME] move thief start player=2 tile=7
[15:14:49.844 +761.845][GAME] move thief end player=2 tile=7 elapsed=0.004 thiefVictim=1
[15:14:49.846 +761.847][AI] action execute end type=move_thief success=1 elapsed=0.013
[15:14:49.848 +761.848][AI] thief move execute player=2 tile=7 success=1 elapsed=0.014
[15:14:49.915 +761.916][AI] thief victim planning end player=2 victim=0 elapsed=0.059
[15:14:49.917 +761.918][AI] action execute start current=2 actor=0 type=choose_thief_victim tile=0 corner=0 side=0 target=0 resA=0 resB=0 discard=[0,0,0,0,0]
[15:14:49.920 +761.920][GAME] steal resource player=2 victim=0 resource=1
[15:14:49.921 +761.922][AI] action execute end type=choose_thief_victim success=1 elapsed=0.004
[15:14:49.923 +761.924][AI] thief victim execute player=2 victim=0 success=1 elapsed=0.006
[15:14:50.880 +762.880][AI] play phase search action=none score=-409.921 elapsed=0.299 budget=4.000 nodes=20 timedOut=0
[15:14:50.882 +762.882][AI] play phase no action elapsed=0.301
[15:14:50.883 +762.884][AI] end turn player=2
[15:14:50.890 +762.890][AI] roll animation start player=3
[15:14:50.892 +762.892][UI] dice animation start pending=1+2 total=3
[15:14:50.757 +763.758][UI] dice animation resolve total=3
[15:14:50.759 +763.759][GAME] gameRollDice start player=3 total=3
[15:14:50.760 +763.760][GAME] gameRollDice end player=3 total=3 elapsed=0.001 pendingDiscards=0 thiefPlacement=0 thiefVictim=0
[15:14:50.763 +763.764][UI] dice animation resolved total=3 elapsed=0.006 pendingDiscards=0 thiefPlacement=0 thiefVictim=0
[15:14:51.889 +763.890][AI] play phase search action=none score=25.748 elapsed=0.121 budget=4.000 nodes=8 timedOut=0
[15:14:51.891 +763.892][AI] play phase no action elapsed=0.123
[15:14:51.893 +763.893][AI] end turn player=3
[15:14:51.750 +764.750][UI] dice animation start pending=4+5 total=9
[15:14:52.600 +765.601][UI] dice animation resolve total=9
[15:14:52.603 +765.603][GAME] gameRollDice start player=0 total=9
[15:14:52.604 +765.605][GAME] gameRollDice end player=0 total=9 elapsed=0.002 pendingDiscards=0 thiefPlacement=0 thiefVictim=0
[15:14:52.608 +765.608][UI] dice animation resolved total=9 elapsed=0.007 pendingDiscards=0 thiefPlacement=0 thiefVictim=0
[15:14:59.549 +772.549][GAME] move thief start player=0 tile=18
[15:14:59.551 +772.551][GAME] move thief end player=0 tile=18 elapsed=0.002 thiefVictim=1
[15:15:00.098 +773.099][GAME] steal resource player=0 victim=1 resource=2
[15:15:01.385 +774.386][AI] decision start current=1 decision=1 difficulty=2 phase=1 rolled=0 discards=0 thiefPlacement=0 thiefVictim=0 delay=0.386
[15:15:01.785 +774.786][AI] roll animation start player=1
[15:15:01.786 +774.787][UI] dice animation start pending=2+3 total=5
[15:15:02.652 +775.652][UI] dice animation resolve total=5
[15:15:02.653 +775.654][GAME] gameRollDice start player=1 total=5
[15:15:02.655 +775.655][GAME] gameRollDice end player=1 total=5 elapsed=0.001 pendingDiscards=0 thiefPlacement=0 thiefVictim=0
[15:15:02.658 +775.658][UI] dice animation resolved total=5 elapsed=0.006 pendingDiscards=0 thiefPlacement=0 thiefVictim=0
[15:15:02.677 +775.677][AI] play phase search action=none score=-403.790 elapsed=0.014 budget=4.000 nodes=1 timedOut=0
[15:15:02.680 +775.681][AI] play phase no action elapsed=0.018
[15:15:02.681 +775.682][AI] end turn player=1
[15:15:02.688 +775.689][AI] roll animation start player=2
[15:15:02.690 +775.690][UI] dice animation start pending=1+2 total=3
[15:15:03.540 +776.541][UI] dice animation resolve total=3
[15:15:03.543 +776.543][GAME] gameRollDice start player=2 total=3
[15:15:03.545 +776.545][GAME] gameRollDice end player=2 total=3 elapsed=0.002 pendingDiscards=0 thiefPlacement=0 thiefVictim=0
[15:15:03.549 +776.549][UI] dice animation resolved total=3 elapsed=0.009 pendingDiscards=0 thiefPlacement=0 thiefVictim=0
[15:15:04.849 +776.849][AI] play phase search action=none score=-454.390 elapsed=0.296 budget=4.000 nodes=20 timedOut=0
[15:15:04.851 +776.851][AI] play phase no action elapsed=0.299
[15:15:04.852 +776.853][AI] end turn player=2
[15:15:04.858 +776.859][AI] roll animation start player=3
[15:15:04.860 +776.860][UI] dice animation start pending=1+2 total=3
[15:15:04.726 +777.726][UI] dice animation resolve total=3
[15:15:04.727 +777.728][GAME] gameRollDice start player=3 total=3
[15:15:04.729 +777.729][GAME] gameRollDice end player=3 total=3 elapsed=0.001 pendingDiscards=0 thiefPlacement=0 thiefVictim=0
[15:15:04.735 +777.735][UI] dice animation resolved total=3 elapsed=0.009 pendingDiscards=0 thiefPlacement=0 thiefVictim=0
[15:15:08.746 +781.747][AI] play phase search action=maritime_trade score=121.343 elapsed=4.005 budget=4.000 nodes=268 timedOut=1
[15:15:08.749 +781.750][AI] play phase decision current=3 actor=0 type=maritime_trade tile=0 corner=0 side=0 target=0 resA=0 resB=1 discard=[0,0,0,0,0]
[15:15:08.752 +781.752][AI] action execute start current=3 actor=0 type=maritime_trade tile=0 corner=0 side=0 target=0 resA=0 resB=1 discard=[0,0,0,0,0]
[15:15:08.756 +781.756][AI] action execute end type=maritime_trade success=1 elapsed=0.004
[15:15:08.758 +781.758][AI] play phase elapsed=4.017
[15:15:13.423 +786.424][AI] play phase search action=maritime_trade score=121.343 elapsed=4.006 budget=4.000 nodes=267 timedOut=1
[15:15:13.426 +786.426][AI] play phase decision current=3 actor=0 type=maritime_trade tile=0 corner=0 side=0 target=0 resA=1 resB=0 discard=[0,0,0,0,0]
[15:15:13.428 +786.429][AI] action execute start current=3 actor=0 type=maritime_trade tile=0 corner=0 side=0 target=0 resA=1 resB=0 discard=[0,0,0,0,0]
[15:15:13.431 +786.431][AI] action execute end type=maritime_trade success=1 elapsed=0.002
[15:15:13.433 +786.434][AI] play phase elapsed=4.016
[15:15:17.012 +790.012][AI] play phase search action=maritime_trade score=91.343 elapsed=2.921 budget=4.000 nodes=195 timedOut=0
[15:15:17.015 +790.015][AI] play phase decision current=3 actor=0 type=maritime_trade tile=0 corner=0 side=0 target=0 resA=1 resB=3 discard=[0,0,0,0,0]
[15:15:17.018 +790.018][AI] action execute start current=3 actor=0 type=maritime_trade tile=0 corner=0 side=0 target=0 resA=1 resB=3 discard=[0,0,0,0,0]
[15:15:17.023 +790.023][AI] action execute end type=maritime_trade success=1 elapsed=0.005
[15:15:17.025 +790.025][AI] play phase elapsed=2.933
[15:15:18.030 +791.030][AI] play phase search action=none score=43.343 elapsed=0.349 budget=4.000 nodes=24 timedOut=0
[15:15:18.033 +791.034][AI] play phase no action elapsed=0.352
[15:15:18.036 +791.036][AI] end turn player=3
[15:15:19.913 +791.914][UI] dice animation start pending=3+4 total=7
[15:15:19.780 +792.780][UI] dice animation resolve total=7
[15:15:19.781 +792.781][GAME] gameRollDice start player=0 total=7
[15:15:19.783 +792.783][GAME] begin discard phase currentPlayer=0
[15:15:19.784 +792.785][GAME] discard requirement player=0 total=9 discard=4
[15:15:19.786 +792.786][GAME] discard requirement player=1 total=4 discard=0
[15:15:19.787 +792.787][GAME] discard requirement player=2 total=9 discard=4
[15:15:19.788 +792.789][GAME] discard requirement player=3 total=7 discard=3
[15:15:19.791 +792.791][GAME] gameRollDice end player=0 total=7 elapsed=0.010 pendingDiscards=1 thiefPlacement=0 thiefVictim=0
[15:15:19.794 +792.794][UI] dice animation resolved total=7 elapsed=0.014 pendingDiscards=1 thiefPlacement=0 thiefVictim=0
[15:15:23.837 +795.838][GAME] discard submitted player=0 plan=[0,2,2,0,0] thiefPlacement=0
[15:15:23.854 +795.854][AI] decision start current=0 decision=2 difficulty=2 phase=1 rolled=1 discards=1 thiefPlacement=0 thiefVictim=0 delay=0.000
[15:15:23.857 +795.858][AI] discard planning start player=2 required=4
[15:15:23.859 +795.860][AI] discard planning end player=2 elapsed=0.002 plan=[3,1,0,0,0]
[15:15:23.862 +795.863][AI] action execute start current=0 actor=2 type=discard tile=0 corner=0 side=0 target=2 resA=0 resB=0 discard=[3,1,0,0,0]
[15:15:23.865 +795.866][GAME] discard submitted player=2 plan=[3,1,0,0,0] thiefPlacement=0
[15:15:23.868 +795.868][AI] action execute end type=discard success=1 elapsed=0.005
[15:15:23.869 +795.870][AI] discard execute player=2 success=1 elapsed=0.007
[15:15:23.876 +795.877][AI] decision start current=0 decision=3 difficulty=2 phase=1 rolled=1 discards=1 thiefPlacement=0 thiefVictim=0 delay=0.000
[15:15:23.881 +795.881][AI] discard planning start player=3 required=3
[15:15:23.883 +795.884][AI] discard planning end player=3 elapsed=0.002 plan=[0,0,0,0,3]
[15:15:23.885 +795.886][AI] action execute start current=0 actor=3 type=discard tile=0 corner=0 side=0 target=3 resA=0 resB=0 discard=[0,0,0,0,3]
[15:15:23.888 +795.889][GAME] discard submitted player=3 plan=[0,0,0,0,3] thiefPlacement=1
[15:15:23.890 +795.891][AI] action execute end type=discard success=1 elapsed=0.005
[15:15:23.892 +795.892][AI] discard execute player=3 success=1 elapsed=0.007
[15:15:26.936 +798.936][GAME] move thief start player=0 tile=17
[15:15:26.937 +798.938][GAME] move thief end player=0 tile=17 elapsed=0.001 thiefVictim=1
[15:15:26.486 +799.487][GAME] steal resource player=0 victim=1 resource=1
[15:15:36.116 +809.116][AI] decision start current=1 decision=1 difficulty=2 phase=1 rolled=0 discards=0 thiefPlacement=0 thiefVictim=0 delay=0.386
[15:15:36.515 +809.516][AI] roll animation start player=1
[15:15:36.518 +809.518][UI] dice animation start pending=1+1 total=2
[15:15:37.382 +810.383][UI] dice animation resolve total=2
[15:15:37.384 +810.384][GAME] gameRollDice start player=1 total=2
[15:15:37.385 +810.385][GAME] gameRollDice end player=1 total=2 elapsed=0.001 pendingDiscards=0 thiefPlacement=0 thiefVictim=0
[15:15:37.388 +810.388][UI] dice animation resolved total=2 elapsed=0.006 pendingDiscards=0 thiefPlacement=0 thiefVictim=0
[15:15:37.480 +810.481][AI] play phase search action=none score=-408.079 elapsed=0.089 budget=4.000 nodes=6 timedOut=0
[15:15:37.483 +810.483][AI] play phase no action elapsed=0.091
[15:15:37.484 +810.484][AI] end turn player=1
[15:15:37.491 +810.491][AI] roll animation start player=2
[15:15:37.492 +810.493][UI] dice animation start pending=3+3 total=6
[15:15:38.358 +811.359][UI] dice animation resolve total=6
[15:15:38.360 +811.360][GAME] gameRollDice start player=2 total=6
[15:15:38.361 +811.362][GAME] gameRollDice end player=2 total=6 elapsed=0.001 pendingDiscards=0 thiefPlacement=0 thiefVictim=0
[15:15:38.364 +811.364][UI] dice animation resolved total=6 elapsed=0.005 pendingDiscards=0 thiefPlacement=0 thiefVictim=0
[15:15:38.661 +811.661][AI] play phase search action=buy_development score=-456.033 elapsed=0.293 budget=4.000 nodes=20 timedOut=0
[15:15:38.665 +811.665][AI] play phase decision current=2 actor=0 type=buy_development tile=0 corner=0 side=0 target=0 resA=0 resB=0 discard=[0,0,0,0,0]
[15:15:38.672 +811.673][AI] action execute start current=2 actor=0 type=buy_development tile=0 corner=0 side=0 target=0 resA=0 resB=0 discard=[0,0,0,0,0]
[15:15:38.677 +811.677][AI] action execute end type=buy_development success=1 elapsed=0.005
[15:15:38.679 +811.679][AI] play phase elapsed=0.311
[15:15:39.688 +812.689][AI] play phase search action=none score=-456.033 elapsed=0.102 budget=4.000 nodes=7 timedOut=0
[15:15:39.690 +812.691][AI] play phase no action elapsed=0.105
[15:15:39.692 +812.692][AI] end turn player=2
[15:15:39.698 +812.698][AI] roll animation start player=3
[15:15:39.700 +812.700][UI] dice animation start pending=3+3 total=6
[15:15:40.564 +813.565][UI] dice animation resolve total=6
[15:15:40.565 +813.566][GAME] gameRollDice start player=3 total=6
[15:15:40.567 +813.567][GAME] gameRollDice end player=3 total=6 elapsed=0.001 pendingDiscards=0 thiefPlacement=0 thiefVictim=0
[15:15:40.569 +813.570][UI] dice animation resolved total=6 elapsed=0.005 pendingDiscards=0 thiefPlacement=0 thiefVictim=0
[15:15:40.707 +813.708][AI] play phase search action=none score=-181.723 elapsed=0.133 budget=4.000 nodes=9 timedOut=0
[15:15:40.710 +813.710][AI] play phase no action elapsed=0.136
[15:15:40.711 +813.712][AI] end turn player=3
[15:15:41.818 +814.818][UI] dice animation start pending=4+4 total=8
[15:15:42.684 +815.684][UI] dice animation resolve total=8
[15:15:42.685 +815.686][GAME] gameRollDice start player=0 total=8
[15:15:42.686 +815.687][GAME] gameRollDice end player=0 total=8 elapsed=0.001 pendingDiscards=0 thiefPlacement=0 thiefVictim=0
[15:15:42.689 +815.690][UI] dice animation resolved total=8 elapsed=0.005 pendingDiscards=0 thiefPlacement=0 thiefVictim=0
[15:17:02.000 +0.000][GAME] gameRollDice start player=0 total=8
[15:17:02.000 +0.000][GAME] gameRollDice end player=0 total=8 elapsed=0.000 pendingDiscards=0 thiefPlacement=0 thiefVictim=0
[15:17:02.000 +0.000][GAME] gameRollDice start player=0 total=8
[15:17:02.000 +0.000][GAME] gameRollDice end player=0 total=8 elapsed=0.000 pendingDiscards=0 thiefPlacement=0 thiefVictim=0
[15:17:02.000 +0.000][GAME] gameRollDice start player=0 total=6
[15:17:02.000 +0.000][GAME] gameRollDice end player=0 total=6 elapsed=0.000 pendingDiscards=0 thiefPlacement=0 thiefVictim=0
[15:17:02.000 +0.000][GAME] steal resource player=0 victim=1 resource=0
[15:17:02.000 +0.000][GAME] steal resource player=0 victim=1 resource=0
[15:17:02.000 +0.000][GAME] steal resource player=0 victim=1 resource=0
[15:17:02.000 +0.000][GAME] steal resource player=0 victim=1 resource=0
[15:17:02.000 +0.000][GAME] steal resource player=0 victim=1 resource=0
[15:17:02.000 +0.000][GAME] steal resource player=0 victim=1 resource=1
[15:17:02.000 +0.000][GAME] steal resource player=0 victim=1 resource=0
[15:17:02.000 +0.000][GAME] steal resource player=0 victim=1 resource=0
[15:17:02.000 +0.000][GAME] steal resource player=0 victim=1 resource=0
[15:17:02.000 +0.000][GAME] steal resource player=0 victim=1 resource=0
[15:17:02.000 +0.000][GAME] steal resource player=0 victim=1 resource=0
[15:17:02.000 +0.000][GAME] steal resource player=0 victim=1 resource=0
[15:17:02.000 +0.000][GAME] steal resource player=0 victim=1 resource=0
[15:17:02.000 +0.000][GAME] steal resource player=0 victim=1 resource=0
[15:17:02.000 +0.000][GAME] steal resource player=0 victim=1 resource=0
[15:17:02.000 +0.000][GAME] steal resource player=0 victim=1 resource=0
[15:17:02.000 +0.000][GAME] steal resource player=0 victim=1 resource=0
[15:17:02.000 +0.000][GAME] steal resource player=0 victim=1 resource=0
[15:17:02.000 +0.000][GAME] steal resource player=0 victim=1 resource=1
[15:17:02.000 +0.000][GAME] steal resource player=0 victim=1 resource=0
[15:17:02.000 +0.000][GAME] steal resource player=0 victim=1 resource=0
[15:17:02.000 +0.000][GAME] steal resource player=0 victim=1 resource=0
[15:17:02.000 +0.000][GAME] steal resource player=0 victim=1 resource=0
[15:17:02.000 +0.000][GAME] steal resource player=0 victim=1 resource=0
[15:17:02.000 +0.000][GAME] steal resource player=0 victim=1 resource=0
[15:17:02.000 +0.000][GAME] steal resource player=0 victim=1 resource=0
[15:17:02.000 +0.000][GAME] steal resource player=0 victim=1 resource=1
[15:17:02.000 +0.000][GAME] steal resource player=0 victim=1 resource=0
[15:17:02.000 +0.000][GAME] steal resource player=0 victim=1 resource=0
[15:17:02.000 +0.000][GAME] steal resource player=0 victim=1 resource=0
[15:17:02.000 +0.000][GAME] steal resource player=0 victim=1 resource=0
[15:17:02.000 +0.000][GAME] steal resource player=0 victim=1 resource=0
[15:17:02.000 +0.000][GAME] steal resource player=0 victim=1 resource=0
[15:17:02.000 +0.000][GAME] steal resource player=0 victim=1 resource=0
[15:17:02.000 +0.000][GAME] steal resource player=0 victim=1 resource=0
[15:17:02.000 +0.000][GAME] steal resource player=0 victim=1 resource=0
[15:17:02.000 +0.000][GAME] steal resource player=0 victim=1 resource=0
[15:17:02.000 +0.000][GAME] steal resource player=0 victim=1 resource=0
[15:17:02.000 +0.000][GAME] steal resource player=0 victim=1 resource=0
[15:17:02.000 +0.000][GAME] steal resource player=0 victim=1 resource=0
[15:17:02.000 +0.000][GAME] steal resource player=0 victim=1 resource=0
[15:17:02.000 +0.000][GAME] steal resource player=0 victim=1 resource=1
[15:17:02.000 +0.000][GAME] steal resource player=0 victim=1 resource=1
[15:17:02.000 +0.000][GAME] steal resource player=0 victim=1 resource=0
[15:17:02.000 +0.000][GAME] steal resource player=0 victim=1 resource=0
[15:17:02.000 +0.000][GAME] steal resource player=0 victim=1 resource=0
[15:17:02.000 +0.000][GAME] steal resource player=0 victim=1 resource=0
[15:17:02.000 +0.000][GAME] steal resource player=0 victim=1 resource=0
[15:17:02.000 +0.000][GAME] steal resource player=0 victim=1 resource=0
[15:17:02.000 +0.000][GAME] steal resource player=0 victim=1 resource=0
[15:17:02.000 +0.000][GAME] steal resource player=0 victim=1 resource=0
[15:17:02.000 +0.000][GAME] steal resource player=0 victim=1 resource=0
[15:17:02.000 +0.000][GAME] steal resource player=0 victim=1 resource=0
[15:17:02.000 +0.000][GAME] steal resource player=0 victim=1 resource=0
[15:17:02.000 +0.000][GAME] steal resource player=0 victim=1 resource=0
[15:17:02.000 +0.000][GAME] steal resource player=0 victim=1 resource=1
[15:17:02.000 +0.000][GAME] steal resource player=0 victim=1 resource=1
[15:17:02.000 +0.000][GAME] steal resource player=0 victim=1 resource=0
[15:17:02.000 +0.000][GAME] steal resource player=0 victim=1 resource=0
[15:17:02.000 +0.000][GAME] steal resource player=0 victim=1 resource=0
[15:17:02.000 +0.000][GAME] steal resource player=0 victim=1 resource=0
[15:17:02.000 +0.000][GAME] steal resource player=0 victim=1 resource=1
[15:17:02.000 +0.000][GAME] steal resource player=0 victim=1 resource=0
[15:17:02.000 +0.000][GAME] steal resource player=0 victim=1 resource=0
[15:17:02.000 +0.000][GAME] steal resource player=0 victim=1 resource=0
[15:17:02.000 +0.000][GAME] steal resource player=0 victim=1 resource=0
[15:17:02.000 +0.000][GAME] steal resource player=0 victim=1 resource=0
[15:17:02.000 +0.000][GAME] steal resource player=0 victim=1 resource=0
[15:17:02.000 +0.000][GAME] steal resource player=0 victim=1 resource=0
[15:17:02.000 +0.000][GAME] steal resource player=0 victim=1 resource=0
[15:17:02.000 +0.000][GAME] steal resource player=0 victim=1 resource=1
[15:17:02.000 +0.000][GAME] steal resource player=0 victim=1 resource=0
[15:17:02.000 +0.000][GAME] steal resource player=0 victim=1 resource=0
[15:17:02.000 +0.000][GAME] steal resource player=0 victim=1 resource=0
[15:17:02.000 +0.000][GAME] steal resource player=0 victim=1 resource=1
[15:17:02.000 +0.000][GAME] steal resource player=0 victim=1 resource=0
[15:17:02.000 +0.000][GAME] steal resource player=0 victim=1 resource=0
[15:17:02.000 +0.000][GAME] steal resource player=0 victim=1 resource=0
[15:17:02.000 +0.000][GAME] steal resource player=0 victim=1 resource=0
[15:17:02.000 +0.000][GAME] steal resource player=0 victim=1 resource=0
[15:17:02.000 +0.000][GAME] steal resource player=0 victim=1 resource=0
[15:17:02.000 +0.000][GAME] steal resource player=0 victim=1 resource=0
[15:17:02.000 +0.000][GAME] steal resource player=0 victim=1 resource=0
[15:17:02.000 +0.000][GAME] steal resource player=0 victim=1 resource=1
[15:17:02.000 +0.000][GAME] steal resource player=0 victim=1 resource=0
[15:17:02.000 +0.000][GAME] steal resource player=0 victim=1 resource=0
[15:17:02.000 +0.000][GAME] steal resource player=0 victim=1 resource=0
[15:17:02.000 +0.000][GAME] steal resource player=0 victim=1 resource=0
[15:17:02.000 +0.000][GAME] steal resource player=0 victim=1 resource=0
[15:17:02.000 +0.000][GAME] steal resource player=0 victim=1 resource=0
[15:17:02.000 +0.000][GAME] steal resource player=0 victim=1 resource=0
[15:17:02.000 +0.000][GAME] steal resource player=0 victim=1 resource=0
[15:17:02.000 +0.000][GAME] steal resource player=0 victim=1 resource=1
[15:17:02.000 +0.000][GAME] steal resource player=0 victim=1 resource=0
[15:17:02.000 +0.000][GAME] steal resource player=0 victim=1 resource=0
[15:17:02.000 +0.000][GAME] steal resource player=0 victim=1 resource=1
[15:17:02.000 +0.000][GAME] steal resource player=0 victim=1 resource=0
[15:17:02.000 +0.000][GAME] steal resource player=0 victim=1 resource=0
[15:17:02.000 +0.000][GAME] steal resource player=0 victim=1 resource=0
[15:17:02.000 +0.000][GAME] steal resource player=0 victim=1 resource=0
[15:17:02.000 +0.000][GAME] steal resource player=0 victim=1 resource=1
[15:17:02.000 +0.000][GAME] steal resource player=0 victim=1 resource=0
[15:17:02.000 +0.000][GAME] steal resource player=0 victim=1 resource=0
[15:17:02.000 +0.000][GAME] steal resource player=0 victim=1 resource=1
[15:17:02.000 +0.000][GAME] steal resource player=0 victim=1 resource=0
[15:17:02.000 +0.000][GAME] steal resource player=0 victim=1 resource=0
[15:17:02.000 +0.000][GAME] steal resource player=0 victim=1 resource=0
[15:17:02.000 +0.000][GAME] steal resource player=0 victim=1 resource=0
[15:17:02.000 +0.000][GAME] steal resource player=0 victim=1 resource=0
[15:17:02.000 +0.000][GAME] steal resource player=0 victim=1 resource=0
[15:17:02.000 +0.000][GAME] steal resource player=0 victim=1 resource=0
[15:17:02.000 +0.000][GAME] steal resource player=0 victim=1 resource=0
[15:17:02.000 +0.000][GAME] steal resource player=0 victim=1 resource=0
[15:17:02.000 +0.000][GAME] steal resource player=0 victim=1 resource=0
[15:17:02.000 +0.000][GAME] steal resource player=0 victim=1 resource=1
[15:17:02.000 +0.000][GAME] steal resource player=0 victim=1 resource=1
[15:17:02.000 +0.000][GAME] steal resource player=0 victim=1 resource=0
[15:17:02.000 +0.000][GAME] steal resource player=0 victim=1 resource=0
[15:17:02.000 +0.000][GAME] steal resource player=0 victim=1 resource=0
[15:17:02.000 +0.000][GAME] steal resource player=0 victim=1 resource=0
[15:17:02.000 +0.000][GAME] steal resource player=0 victim=1 resource=1
[15:17:02.000 +0.000][GAME] steal resource player=0 victim=1 resource=0
[15:17:02.000 +0.000][GAME] steal resource player=0 victim=1 resource=0
[15:17:02.000 +0.000][GAME] steal resource player=0 victim=1 resource=1
[15:17:02.000 +0.000][GAME] steal resource player=0 victim=1 resource=0
[15:17:02.000 +0.000][GAME] steal resource player=0 victim=1 resource=1
[15:17:02.000 +0.000][GAME] steal resource player=0 victim=1 resource=0
[15:17:02.000 +0.000][GAME] steal resource player=0 victim=1 resource=0
[15:17:02.000 +0.000][GAME] steal resource player=0 victim=1 resource=0
[15:17:02.000 +0.000][GAME] steal resource player=0 victim=1 resource=1
[15:17:02.000 +0.000][GAME] steal resource player=0 victim=1 resource=0
[15:17:02.000 +0.000][GAME] steal resource player=0 victim=1 resource=0
[15:17:02.000 +0.000][GAME] steal resource player=0 victim=1 resource=0
[15:17:02.000 +0.000][GAME] steal resource player=0 victim=1 resource=1
[15:17:02.000 +0.000][GAME] steal resource player=0 victim=1 resource=0
[15:17:02.000 +0.000][GAME] steal resource player=0 victim=1 resource=0
[15:17:02.000 +0.000][GAME] steal resource player=0 victim=1 resource=0
[15:17:02.000 +0.000][GAME] steal resource player=0 victim=1 resource=0
[15:17:02.000 +0.000][GAME] steal resource player=0 victim=1 resource=0
[15:17:02.000 +0.000][GAME] steal resource player=0 victim=1 resource=0
[15:17:02.000 +0.000][GAME] steal resource player=0 victim=1 resource=0
[15:17:02.000 +0.000][GAME] steal resource player=0 victim=1 resource=0
[15:17:02.000 +0.000][GAME] steal resource player=0 victim=1 resource=0
[15:17:02.000 +0.000][GAME] steal resource player=0 victim=1 resource=1
[15:17:02.000 +0.000][GAME] steal resource player=0 victim=1 resource=0
[15:17:02.000 +0.000][GAME] steal resource player=0 victim=1 resource=1
[15:17:02.000 +0.000][GAME] steal resource player=0 victim=1 resource=0
[15:17:02.000 +0.000][GAME] steal resource player=0 victim=1 resource=0
[15:17:02.000 +0.000][GAME] steal resource player=0 victim=1 resource=1
[15:17:02.000 +0.000][GAME] steal resource player=0 victim=1 resource=0
[15:17:02.000 +0.000][GAME] steal resource player=0 victim=1 resource=0
[15:17:02.000 +0.000][GAME] steal resource player=0 victim=1 resource=0
[15:17:02.000 +0.000][GAME] steal resource player=0 victim=1 resource=0
[15:17:02.000 +0.000][GAME] steal resource player=0 victim=1 resource=0
[15:17:02.000 +0.000][GAME] steal resource player=0 victim=1 resource=0
[15:17:02.000 +0.000][GAME] steal resource player=0 victim=1 resource=0
[15:17:02.000 +0.000][GAME] steal resource player=0 victim=1 resource=0
[15:17:02.000 +0.000][GAME] steal resource player=0 victim=1 resource=0
[15:17:02.000 +0.000][GAME] steal resource player=0 victim=1 resource=0
[15:17:02.000 +0.000][GAME] steal resource player=0 victim=1 resource=0
[15:17:02.000 +0.000][GAME] steal resource player=0 victim=1 resource=0
[15:17:02.000 +0.000][GAME] steal resource player=0 victim=1 resource=0
[15:17:02.000 +0.000][GAME] steal resource player=0 victim=1 resource=0
[15:17:02.000 +0.000][GAME] steal resource player=0 victim=1 resource=1
[15:17:02.000 +0.000][GAME] steal resource player=0 victim=1 resource=1
[15:17:02.000 +0.000][GAME] steal resource player=0 victim=1 resource=0
[15:17:02.000 +0.000][GAME] steal resource player=0 victim=1 resource=0
[15:17:02.000 +0.000][GAME] steal resource player=0 victim=1 resource=1
[15:17:02.000 +0.000][GAME] steal resource player=0 victim=1 resource=0
[15:17:02.000 +0.000][GAME] steal resource player=0 victim=1 resource=0
[15:17:02.000 +0.000][GAME] steal resource player=0 victim=1 resource=1
[15:17:02.000 +0.000][GAME] steal resource player=0 victim=1 resource=0
[15:17:02.000 +0.000][GAME] steal resource player=0 victim=1 resource=1
[15:17:02.000 +0.000][GAME] steal resource player=0 victim=1 resource=0
[15:17:02.000 +0.000][GAME] steal resource player=0 victim=1 resource=0
[15:17:02.000 +0.000][GAME] steal resource player=0 victim=1 resource=0
[15:17:02.000 +0.000][GAME] steal resource player=0 victim=1 resource=1
[15:17:02.000 +0.000][GAME] steal resource player=0 victim=1 resource=0
[15:17:02.000 +0.000][GAME] steal resource player=0 victim=1 resource=0
[15:17:02.000 +0.000][GAME] steal resource player=0 victim=1 resource=0
[15:17:02.000 +0.000][GAME] steal resource player=0 victim=1 resource=0
[15:17:02.000 +0.000][GAME] steal resource player=0 victim=1 resource=0
[15:17:02.000 +0.000][GAME] steal resource player=0 victim=1 resource=0
[15:17:02.000 +0.000][GAME] steal resource player=0 victim=1 resource=1
[15:17:02.000 +0.000][GAME] steal resource player=0 victim=1 resource=0
[15:17:02.000 +0.000][GAME] steal resource player=0 victim=1 resource=0
[15:17:02.000 +0.000][GAME] steal resource player=0 victim=1 resource=0
[15:17:02.000 +0.000][GAME] steal resource player=0 victim=1 resource=0
[15:17:02.000 +0.000][GAME] steal resource player=0 victim=1 resource=0
[15:17:02.000 +0.000][GAME] steal resource player=0 victim=1 resource=0
[15:17:02.000 +0.000][GAME] steal resource player=0 victim=1 resource=0
[15:17:02.000 +0.000][GAME] steal resource player=0 victim=1 resource=0
[15:17:02.000 +0.000][GAME] steal resource player=0 victim=1 resource=0
[15:17:02.000 +0.000][GAME] steal resource player=0 victim=1 resource=0
[15:17:02.000 +0.000][GAME] steal resource player=0 victim=1 resource=0
[15:17:02.000 +0.000][GAME] steal resource player=0 victim=1 resource=0
[15:17:02.000 +0.000][GAME] steal resource player=0 victim=1 resource=0
[15:17:02.000 +0.000][GAME] steal resource player=0 victim=1 resource=1
[15:17:02.000 +0.000][GAME] steal resource player=0 victim=1 resource=0
[15:17:02.000 +0.000][GAME] steal resource player=0 victim=1 resource=0
[15:17:59.000 +0.000][GAME] gameRollDice start player=0 total=8
[15:17:59.000 +0.000][GAME] gameRollDice end player=0 total=8 elapsed=0.000 pendingDiscards=0 thiefPlacement=0 thiefVictim=0
[15:17:59.000 +0.000][GAME] gameRollDice start player=0 total=8
[15:17:59.000 +0.000][GAME] gameRollDice end player=0 total=8 elapsed=0.000 pendingDiscards=0 thiefPlacement=0 thiefVictim=0
[15:17:59.000 +0.000][GAME] gameRollDice start player=0 total=6
[15:17:59.000 +0.000][GAME] gameRollDice end player=0 total=6 elapsed=0.000 pendingDiscards=0 thiefPlacement=0 thiefVictim=0
[15:17:59.000 +0.000][GAME] steal resource player=0 victim=1 resource=0
[15:17:59.000 +0.000][GAME] steal resource player=0 victim=1 resource=0
[15:17:59.000 +0.000][GAME] steal resource player=0 victim=1 resource=0
[15:17:59.000 +0.000][GAME] steal resource player=0 victim=1 resource=0
[15:17:59.000 +0.000][GAME] steal resource player=0 victim=1 resource=0
[15:17:59.000 +0.000][GAME] steal resource player=0 victim=1 resource=1
[15:17:59.000 +0.000][GAME] steal resource player=0 victim=1 resource=0
[15:17:59.000 +0.000][GAME] steal resource player=0 victim=1 resource=0
[15:17:59.000 +0.000][GAME] steal resource player=0 victim=1 resource=0
[15:17:59.000 +0.000][GAME] steal resource player=0 victim=1 resource=0
[15:17:59.000 +0.000][GAME] steal resource player=0 victim=1 resource=0
[15:17:59.000 +0.000][GAME] steal resource player=0 victim=1 resource=0
[15:17:59.000 +0.000][GAME] steal resource player=0 victim=1 resource=0
[15:17:59.000 +0.000][GAME] steal resource player=0 victim=1 resource=0
[15:17:59.000 +0.000][GAME] steal resource player=0 victim=1 resource=0
[15:17:59.000 +0.000][GAME] steal resource player=0 victim=1 resource=0
[15:17:59.000 +0.000][GAME] steal resource player=0 victim=1 resource=0
[15:17:59.000 +0.000][GAME] steal resource player=0 victim=1 resource=0
[15:17:59.000 +0.000][GAME] steal resource player=0 victim=1 resource=1
[15:17:59.000 +0.000][GAME] steal resource player=0 victim=1 resource=0
[15:17:59.000 +0.000][GAME] steal resource player=0 victim=1 resource=0
[15:17:59.000 +0.000][GAME] steal resource player=0 victim=1 resource=0
[15:17:59.000 +0.000][GAME] steal resource player=0 victim=1 resource=0
[15:17:59.000 +0.000][GAME] steal resource player=0 victim=1 resource=0
[15:17:59.000 +0.000][GAME] steal resource player=0 victim=1 resource=0
[15:17:59.000 +0.000][GAME] steal resource player=0 victim=1 resource=0
[15:17:59.000 +0.000][GAME] steal resource player=0 victim=1 resource=1
[15:17:59.000 +0.000][GAME] steal resource player=0 victim=1 resource=0
[15:17:59.000 +0.000][GAME] steal resource player=0 victim=1 resource=0
[15:17:59.000 +0.000][GAME] steal resource player=0 victim=1 resource=0
[15:17:59.000 +0.000][GAME] steal resource player=0 victim=1 resource=0
[15:17:59.000 +0.000][GAME] steal resource player=0 victim=1 resource=0
[15:17:59.000 +0.000][GAME] steal resource player=0 victim=1 resource=0
[15:17:59.000 +0.000][GAME] steal resource player=0 victim=1 resource=0
[15:17:59.000 +0.000][GAME] steal resource player=0 victim=1 resource=0
[15:17:59.000 +0.000][GAME] steal resource player=0 victim=1 resource=0
[15:17:59.000 +0.000][GAME] steal resource player=0 victim=1 resource=0
[15:17:59.000 +0.000][GAME] steal resource player=0 victim=1 resource=0
[15:17:59.000 +0.000][GAME] steal resource player=0 victim=1 resource=0
[15:17:59.000 +0.000][GAME] steal resource player=0 victim=1 resource=0
[15:17:59.000 +0.000][GAME] steal resource player=0 victim=1 resource=0
[15:17:59.000 +0.000][GAME] steal resource player=0 victim=1 resource=1
[15:17:59.000 +0.000][GAME] steal resource player=0 victim=1 resource=1
[15:17:59.000 +0.000][GAME] steal resource player=0 victim=1 resource=0
[15:17:59.000 +0.000][GAME] steal resource player=0 victim=1 resource=0
[15:17:59.000 +0.000][GAME] steal resource player=0 victim=1 resource=0
[15:17:59.000 +0.000][GAME] steal resource player=0 victim=1 resource=0
[15:17:59.000 +0.000][GAME] steal resource player=0 victim=1 resource=0
[15:17:59.000 +0.000][GAME] steal resource player=0 victim=1 resource=0
[15:17:59.000 +0.000][GAME] steal resource player=0 victim=1 resource=0
[15:17:59.000 +0.000][GAME] steal resource player=0 victim=1 resource=0
[15:17:59.000 +0.000][GAME] steal resource player=0 victim=1 resource=0
[15:17:59.000 +0.000][GAME] steal resource player=0 victim=1 resource=0
[15:17:59.000 +0.000][GAME] steal resource player=0 victim=1 resource=0
[15:17:59.000 +0.000][GAME] steal resource player=0 victim=1 resource=0
[15:17:59.000 +0.000][GAME] steal resource player=0 victim=1 resource=1
[15:17:59.000 +0.000][GAME] steal resource player=0 victim=1 resource=1
[15:17:59.000 +0.000][GAME] steal resource player=0 victim=1 resource=0
[15:17:59.000 +0.000][GAME] steal resource player=0 victim=1 resource=0
[15:17:59.000 +0.000][GAME] steal resource player=0 victim=1 resource=0
[15:17:59.000 +0.000][GAME] steal resource player=0 victim=1 resource=0
[15:17:59.000 +0.000][GAME] steal resource player=0 victim=1 resource=1
[15:17:59.000 +0.000][GAME] steal resource player=0 victim=1 resource=0
[15:17:59.000 +0.000][GAME] steal resource player=0 victim=1 resource=0
[15:17:59.000 +0.000][GAME] steal resource player=0 victim=1 resource=0
[15:17:59.000 +0.000][GAME] steal resource player=0 victim=1 resource=0
[15:17:59.000 +0.000][GAME] steal resource player=0 victim=1 resource=0
[15:17:59.000 +0.000][GAME] steal resource player=0 victim=1 resource=0
[15:17:59.000 +0.000][GAME] steal resource player=0 victim=1 resource=0
[15:17:59.000 +0.000][GAME] steal resource player=0 victim=1 resource=0
[15:17:59.000 +0.000][GAME] steal resource player=0 victim=1 resource=1
[15:17:59.000 +0.000][GAME] steal resource player=0 victim=1 resource=0
[15:17:59.000 +0.000][GAME] steal resource player=0 victim=1 resource=0
[15:17:59.000 +0.000][GAME] steal resource player=0 victim=1 resource=0
[15:17:59.000 +0.000][GAME] steal resource player=0 victim=1 resource=1
[15:17:59.000 +0.000][GAME] steal resource player=0 victim=1 resource=0
[15:17:59.000 +0.000][GAME] steal resource player=0 victim=1 resource=0
[15:17:59.000 +0.000][GAME] steal resource player=0 victim=1 resource=0
[15:17:59.000 +0.000][GAME] steal resource player=0 victim=1 resource=0
[15:17:59.000 +0.000][GAME] steal resource player=0 victim=1 resource=0
[15:17:59.000 +0.000][GAME] steal resource player=0 victim=1 resource=0
[15:17:59.000 +0.000][GAME] steal resource player=0 victim=1 resource=0
[15:17:59.000 +0.000][GAME] steal resource player=0 victim=1 resource=0
[15:17:59.000 +0.000][GAME] steal resource player=0 victim=1 resource=1
[15:17:59.000 +0.000][GAME] steal resource player=0 victim=1 resource=0
[15:17:59.000 +0.000][GAME] steal resource player=0 victim=1 resource=0
[15:17:59.000 +0.000][GAME] steal resource player=0 victim=1 resource=0
[15:17:59.000 +0.000][GAME] steal resource player=0 victim=1 resource=0
[15:17:59.000 +0.000][GAME] steal resource player=0 victim=1 resource=0
[15:17:59.000 +0.000][GAME] steal resource player=0 victim=1 resource=0
[15:17:59.000 +0.000][GAME] steal resource player=0 victim=1 resource=0
[15:17:59.000 +0.000][GAME] steal resource player=0 victim=1 resource=0
[15:17:59.000 +0.000][GAME] steal resource player=0 victim=1 resource=1
[15:17:59.000 +0.000][GAME] steal resource player=0 victim=1 resource=0
[15:17:59.000 +0.000][GAME] steal resource player=0 victim=1 resource=0
[15:17:59.000 +0.000][GAME] steal resource player=0 victim=1 resource=1
[15:17:59.000 +0.000][GAME] steal resource player=0 victim=1 resource=0
[15:17:59.000 +0.000][GAME] steal resource player=0 victim=1 resource=0
[15:17:59.000 +0.000][GAME] steal resource player=0 victim=1 resource=0
[15:17:59.000 +0.000][GAME] steal resource player=0 victim=1 resource=0
[15:17:59.000 +0.000][GAME] steal resource player=0 victim=1 resource=1
[15:17:59.000 +0.000][GAME] steal resource player=0 victim=1 resource=0
[15:17:59.000 +0.000][GAME] steal resource player=0 victim=1 resource=0
[15:17:59.000 +0.000][GAME] steal resource player=0 victim=1 resource=1
[15:17:59.000 +0.000][GAME] steal resource player=0 victim=1 resource=0
[15:17:59.000 +0.000][GAME] steal resource player=0 victim=1 resource=0
[15:17:59.000 +0.000][GAME] steal resource player=0 victim=1 resource=0
[15:17:59.000 +0.000][GAME] steal resource player=0 victim=1 resource=0
[15:17:59.000 +0.000][GAME] steal resource player=0 victim=1 resource=0
[15:17:59.000 +0.000][GAME] steal resource player=0 victim=1 resource=0
[15:17:59.000 +0.000][GAME] steal resource player=0 victim=1 resource=0
[15:17:59.000 +0.000][GAME] steal resource player=0 victim=1 resource=0
[15:17:59.000 +0.000][GAME] steal resource player=0 victim=1 resource=0
[15:17:59.000 +0.000][GAME] steal resource player=0 victim=1 resource=0
[15:17:59.000 +0.000][GAME] steal resource player=0 victim=1 resource=1
[15:17:59.000 +0.000][GAME] steal resource player=0 victim=1 resource=1
[15:17:59.000 +0.000][GAME] steal resource player=0 victim=1 resource=0
[15:17:59.000 +0.000][GAME] steal resource player=0 victim=1 resource=0
[15:17:59.000 +0.000][GAME] steal resource player=0 victim=1 resource=0
[15:17:59.000 +0.000][GAME] steal resource player=0 victim=1 resource=0
[15:17:59.000 +0.000][GAME] steal resource player=0 victim=1 resource=1
[15:17:59.000 +0.000][GAME] steal resource player=0 victim=1 resource=0
[15:17:59.000 +0.000][GAME] steal resource player=0 victim=1 resource=0
[15:17:59.000 +0.000][GAME] steal resource player=0 victim=1 resource=1
[15:17:59.000 +0.000][GAME] steal resource player=0 victim=1 resource=0
[15:17:59.000 +0.000][GAME] steal resource player=0 victim=1 resource=1
[15:17:59.000 +0.000][GAME] steal resource player=0 victim=1 resource=0
[15:17:59.000 +0.000][GAME] steal resource player=0 victim=1 resource=0
[15:17:59.000 +0.000][GAME] steal resource player=0 victim=1 resource=0
[15:17:59.000 +0.000][GAME] steal resource player=0 victim=1 resource=1
[15:17:59.000 +0.000][GAME] steal resource player=0 victim=1 resource=0
[15:17:59.000 +0.000][GAME] steal resource player=0 victim=1 resource=0
[15:17:59.000 +0.000][GAME] steal resource player=0 victim=1 resource=0
[15:17:59.000 +0.000][GAME] steal resource player=0 victim=1 resource=1
[15:17:59.000 +0.000][GAME] steal resource player=0 victim=1 resource=0
[15:17:59.000 +0.000][GAME] steal resource player=0 victim=1 resource=0
[15:17:59.000 +0.000][GAME] steal resource player=0 victim=1 resource=0
[15:17:59.000 +0.000][GAME] steal resource player=0 victim=1 resource=0
[15:17:59.000 +0.000][GAME] steal resource player=0 victim=1 resource=0
[15:17:59.000 +0.000][GAME] steal resource player=0 victim=1 resource=0
[15:17:59.000 +0.000][GAME] steal resource player=0 victim=1 resource=0
[15:17:59.000 +0.000][GAME] steal resource player=0 victim=1 resource=0
[15:17:59.000 +0.000][GAME] steal resource player=0 victim=1 resource=0
[15:17:59.000 +0.000][GAME] steal resource player=0 victim=1 resource=1
[15:17:59.000 +0.000][GAME] steal resource player=0 victim=1 resource=0
[15:17:59.000 +0.000][GAME] steal resource player=0 victim=1 resource=1
[15:17:59.000 +0.000][GAME] steal resource player=0 victim=1 resource=0
[15:17:59.000 +0.000][GAME] steal resource player=0 victim=1 resource=0
[15:17:59.000 +0.000][GAME] steal resource player=0 victim=1 resource=1
[15:17:59.000 +0.000][GAME] steal resource player=0 victim=1 resource=0
[15:17:59.000 +0.000][GAME] steal resource player=0 victim=1 resource=0
[15:17:59.000 +0.000][GAME] steal resource player=0 victim=1 resource=0
[15:17:59.000 +0.000][GAME] steal resource player=0 victim=1 resource=0
[15:17:59.000 +0.000][GAME] steal resource player=0 victim=1 resource=0
[15:17:59.000 +0.000][GAME] steal resource player=0 victim=1 resource=0
[15:17:59.000 +0.000][GAME] steal resource player=0 victim=1 resource=0
[15:17:59.000 +0.000][GAME] steal resource player=0 victim=1 resource=0
[15:17:59.000 +0.000][GAME] steal resource player=0 victim=1 resource=0
[15:17:59.000 +0.000][GAME] steal resource player=0 victim=1 resource=0
[15:17:59.000 +0.000][GAME] steal resource player=0 victim=1 resource=0
[15:17:59.000 +0.000][GAME] steal resource player=0 victim=1 resource=0
[15:17:59.000 +0.000][GAME] steal resource player=0 victim=1 resource=0
[15:17:59.000 +0.000][GAME] steal resource player=0 victim=1 resource=0
[15:17:59.000 +0.000][GAME] steal resource player=0 victim=1 resource=1
[15:17:59.000 +0.000][GAME] steal resource player=0 victim=1 resource=1
[15:17:59.000 +0.000][GAME] steal resource player=0 victim=1 resource=0
[15:17:59.000 +0.000][GAME] steal resource player=0 victim=1 resource=0
[15:17:59.000 +0.000][GAME] steal resource player=0 victim=1 resource=1
[15:17:59.000 +0.000][GAME] steal resource player=0 victim=1 resource=0
[15:17:59.000 +0.000][GAME] steal resource player=0 victim=1 resource=0
[15:17:59.000 +0.000][GAME] steal resource player=0 victim=1 resource=1
[15:17:59.000 +0.000][GAME] steal resource player=0 victim=1 resource=0
[15:17:59.000 +0.000][GAME] steal resource player=0 victim=1 resource=1
[15:17:59.000 +0.000][GAME] steal resource player=0 victim=1 resource=0
[15:17:59.000 +0.000][GAME] steal resource player=0 victim=1 resource=0
[15:17:59.000 +0.000][GAME] steal resource player=0 victim=1 resource=0
[15:17:59.000 +0.000][GAME] steal resource player=0 victim=1 resource=1
[15:17:59.000 +0.000][GAME] steal resource player=0 victim=1 resource=0
[15:17:59.000 +0.000][GAME] steal resource player=0 victim=1 resource=0
[15:17:59.000 +0.000][GAME] steal resource player=0 victim=1 resource=0
[15:17:59.000 +0.000][GAME] steal resource player=0 victim=1 resource=0
[15:17:59.000 +0.000][GAME] steal resource player=0 victim=1 resource=0
[15:17:59.000 +0.000][GAME] steal resource player=0 victim=1 resource=0
[15:17:59.000 +0.000][GAME] steal resource player=0 victim=1 resource=1
[15:17:59.000 +0.000][GAME] steal resource player=0 victim=1 resource=0
[15:17:59.000 +0.000][GAME] steal resource player=0 victim=1 resource=0
[15:17:59.000 +0.000][GAME] steal resource player=0 victim=1 resource=0
[15:17:59.000 +0.000][GAME] steal resource player=0 victim=1 resource=0
[15:17:59.000 +0.000][GAME] steal resource player=0 victim=1 resource=0
[15:17:59.000 +0.000][GAME] steal resource player=0 victim=1 resource=0
[15:17:59.000 +0.000][GAME] steal resource player=0 victim=1 resource=0
[15:17:59.000 +0.000][GAME] steal resource player=0 victim=1 resource=0
[15:17:59.000 +0.000][GAME] steal resource player=0 victim=1 resource=0
[15:17:59.000 +0.000][GAME] steal resource player=0 victim=1 resource=0
[15:17:59.000 +0.000][GAME] steal resource player=0 victim=1 resource=0
[15:17:59.000 +0.000][GAME] steal resource player=0 victim=1 resource=0
[15:17:59.000 +0.000][GAME] steal resource player=0 victim=1 resource=0
[15:17:59.000 +0.000][GAME] steal resource player=0 victim=1 resource=1
[15:17:59.000 +0.000][GAME] steal resource player=0 victim=1 resource=0
[15:17:59.000 +0.000][GAME] steal resource player=0 victim=1 resource=0
